SiteID,SiteName,Address,City,State,Zip,County,Latitude,Longitude,Notes,Group,Tower Owner,Tower Owner Site Number,Viaero POC,Site Type,Lease Area Type,Power Company,Meter Number,Telco / Fiber Provider,Telco / Fiber POC,Measurement 1 (inches),Measurement 2 (inches),Measurement 3 (inches),Measurement 4 (inches),Measurement 5 (inches),Measurement 6 (inches),Measurement 7 (inches),Measurement 8 (inches),Measurement 9 (inches),Measurement 10 (feet),Measurement 11 (feet),Walked By,Date Walked,Checked In,Checked Out,Lease Area Issues,Gate/Shelter Code,Photos Uploaded,Site Walk Form Uploaded,Measurements PDF Uploaded,Confirmation Email Recv'd,Action Needed
1,NE-FRANKLIN,1033 J Street, Franklin,NE,68939,FRANKLIN,40.09193,-98.95991,Site ID 1 Phase Priority P2-1,Phase 1,INDUSTRIAL TOWER WEST,1304476,Chris Bolton 308-370-1857  chris.bolton@viaero.com,"SELF-SUPPORT (150' 7"")",COMPOUND,Southern Power District,141521220,VIAERO,Chris Bolton,134,127,181,157,227,170,72,112,84,,18,Cody Waite,8/4/2025,10:12:00 AM,11:45:00 AM,None,1225 / KEYED,X,X,X,"9/7/2025
PHOTOS & SWF ONLY",COMPLETE
252,NE-BLUE_HILL,306 N. W Railway Street, Blue Hill,NE,68930,WEBSTER,40.33496107,-98.451949,Site ID 252 Phase Priority P2-1,Phase 1,INDUSTRIAL TOWER WEST,1249063,Chris Bolton 308-370-1857  chris.bolton@viaero.com,SELF-SUPPORT-195',COMPOUND,NPPD,106314309,VIAERO,Chris Bolton,104,215,206,96,150,65,91,60,32,NA,22,Derrick Molehill/Jamey Lott,9/17/2025,11:30:00 AM,3:00:00 PM,None,1225 / KEYED,X,X,X,9/19/2025,COMPLETE
263,NE-HOLSTEIN,42.07647778, Holstein,NE,68950,ADAMS,40.46762781,-98.6520325,Site ID 263 Phase Priority P2-1,Phase 1,INDUSTRIAL TOWER WEST,1250034,Chris Bolton 308-370-1857  chris.bolton@viaero.com,"SELF-SUPPORT (195' 4"")",COMPOUND,Southern Power District,135448585,VIAERO,Chris Bolton,134,168,212,95,202,218,228,62,72,NA,NA,Cody Waite,,,,None,1225 / KEYED,X,X,X,"9/7/2025
PHOTOS ONLY",COMPLETE
336,NE-UPLAND,185 South Greenfield Ave., Upland,NE,68981,FRANKLIN,40.31869,-98.90531,Site ID 336 Phase Priority P2-1,Phase 1,INDUSTRIAL TOWER WEST,1282637,Chris Bolton 308-370-1857  chris.bolton@viaero.com,"SELF-SUPPORT (195' 4"")",COMPOUND,Southern Power District,141023979,VIAERO,Chris Bolton,139,220,250,100,215,93,93,30,89,NA,NA,Cody Waite,8/5/2025,7:45:00 AM,9:15:00 AM,None,1225 / KEYED,X,X,X,"9/7/2025
PHOTOS ONLY",COMPLETE
337,NE-CAMPBELL,119 Deming Street, Campbell,NE,68932,FRANKLIN,40.29208331,-98.7359436,Site ID 337 Phase Priority P2-1,Phase 1,INDUSTRIAL TOWER WEST,1282570,Chris Bolton 308-370-1857  chris.bolton@viaero.com,"SELF-SUPPORT (195' 4"")",COMPOUND,Southern Power District,90326405,VIAERO,Chris Bolton,144,221,238,102,218,301,254,50,96,NA,NA,Cody Waite,8/5/2025,9:40:00 AM,11:00:00 AM,None,1225 / KEYED,X,X,X,8/17/2025,COMPLETE
422,NE-RIVERTON,765 41st Road Riverton, Riverton,NE,68972,FRANKLIN,40.09758331,-98.7832493,Site ID 422 Phase Priority P2-1,Phase 1,INDUSTRIAL TOWER WEST,1258740,Chris Bolton 308-370-1857  chris.bolton@viaero.com,GUYED TOWER (195'),COMPOUND,Southern Power District,141024434,VIAERO,Chris Bolton,120,140,197,164,148,199,228,160,24,NA,NA,Cody Waite,8/4/2025,8:00:00 AM,9:36:00 AM,None,1225 / KEYED,X,X,X,"9/7/2025
PHOTOS ONLY",COMPLETE
423,NE-BLOOMINGTON,891 27 1/2 Road, Bloomington,NE,68929,FRANKLIN,40.11746,-99.03892,Site ID 423 Phase Priority P2-1,Phase 1,INDUSTRIAL TOWER WEST,1258739,Chris Bolton 308-370-1857  chris.bolton@viaero.com,GUYED TOWER (330'),COMPOUND,Southern Power District,141024463,VIAERO,Chris Bolton,112,140,197,160,146,170,218,160,96,NA,NA,Cody Waite,8/4/2025,4:12:00 PM,5:27:00 PM,None,1225 / KEYED,X,X,X,9/7/2025,COMPLETE
752,NE-LAWRENCE,150 S. Smith Street, Lawrence,NE,88957,NUCKOLLS,40.28929,-98.2653,Site ID 752 Phase Priority P2-1,Phase 1,INDUSTRIAL TOWER WEST,1312634,Chris Bolton 308-370-1857  chris.bolton@viaero.com,"SELF-SUPPORT (195' 4"")",COMPOUND,SOUTH CENTRAL PPD,203469,VIAERO,Chris Bolton,114,154,238,102,216,92,72,32,91,NA,NA,Cody Waite,8/5/2025,1:33:00 AM,2:22:00 PM,None,1225 / KEYED,X,X,X,"9/7/2025
PHOTOS ONLY",COMPLETE
11,WY-TORRINGTON_NORTH,3200 W C Street,Torrington,WY,82240,,42.07647778,-104.1917333,,Phase 10,,,,,,,,,,,,,,,,,,,,,,,,,,,,,,,
85,NE-SCOTTSBLUFF_HOSP_ADMIN,3700 Ave B,Scottsbluff,NE,69361,,41.88324167,-103.6668,,Phase 10,,,,,,,,,,,,,,,,,,,,,,,,,,,,,,,
107,WY-TORRINGTON_21ST_CENT,5180 US-26,Torrington,WY,82240,,42.049254,-104.151499,,Phase 10,,,,,,,,,,,,,,,,,,,,,,,,,,,,,,,
169,WY-TORRINGTON_TALLGRASS,7607 Road 51,Torrington,WY,82240,,42.10438,-104.16635,,Phase 10,,,,,,,,,,,,,,,,,,,,,,,,,,,,,,,
177,NE-HENRY,31 Henry Road,Morrill,NE,69358,,42.00268,-104.04117,,Phase 10,,,,,,,,,,,,,,,,,,,,,,,,,,,,,,,
644,NE-GERING_DT,1509 10th Street,Gering,NE,69341,,41.82387706,-103.6605264,,Phase 10,,,,,,,,,,,,,,,,,,,,,,,,,,,,,,,
670,NE-MITCHELL,120891 County Road C,Mitchell,NE,69357,,41.96721,-103.8358,,Phase 10,,,,,,,,,,,,,,,,,,,,,,,,,,,,,,,
677,NE-WIND_SPRINGS,8002 Hwy 71,Scottsbluff,NE,69361,,42.129271,-103.675653,,Phase 10,,,,,,,,,,,,,,,,,,,,,,,,,,,,,,,
728,WY-TORRINGTON_SOUTH,6034 Road 47,Torrington,WY,82240,,41.99314,-104.20958,,Phase 10,,,,,,,,,,,,,,,,,,,,,,,,,,,,,,,
729,WY-FORT_LARAMIE,1530 E. Bliss St,Fort Laramie,WY,82212,,42.21550831,-104.5091332,,Phase 10,,,,,,,,,,,,,,,,,,,,,,,,,,,,,,,
731,WY-LINGLE,8061 Cemetery Raod,Lingle,WY,82223,,42.14169,-104.33042,,Phase 10,,,,,,,,,,,,,,,,,,,,,,,,,,,,,,,
740,NE-SCOTTSBLUFF_HOSP,4021 AVE B,Scottsbluff,NE,69361,,41.88711,-103.66495,,Phase 10,,,,,,,,,,,,,,,,,,,,,,,,,,,,,,,
745,WY-TORRINGTON_DT,119 West 21st Ave,Torrington,WY,82240,,42.064816,-104.185499,,Phase 10,,,,,,,,,,,,,,,,,,,,,,,,,,,,,,,
774,NE-MORRILL_DT,625 1/2 West Webster,Morrill,NE,69358,,41.96425353,-103.9345468,,Phase 10,,,,,,,,,,,,,,,,,,,,,,,,,,,,,,,
953,NE-LYMAN_WT,413 Lane Ave #1/2,Lyman,NE,69352,,41.91778231629738,-104.0369456,,Phase 10,,,,,,,,,,,,,,,,,,,,,,,,,,,,,,,
992,NE-MITCHELL_DT,1209 19th Ave,Mitchell,NE,69357,,41.93923611,-103.8121889,,Phase 10,,,,,,,,,,,,,,,,,,,,,,,,,,,,,,,
1140,NE-SCOTTSBLUFF_HOSP_MICRO,4021 AVE B,Scottsbluff,NE,69361,,41.887110000000000,-103.66495,,Phase 10,,,,,,,,,,,,,,,,,,,,,,,,,,,,,,,
10,NE-HOLDREGE_SALES,403 West Avenue, Holdrege,NE,68949,PHELPS,40.43822844,-99.37155061,Site ID 10 Phase Priority P2-2,Phase 2,INDUSTRIAL TOWER WEST,NA,Chris Bolton 308-370-1857  chris.bolton@viaero.com,ROOFTOP (49'),ROOFTOP,NPPD WHOLESALE,21863967,VIAERO,Chris Bolton,840,INSIDE CABINET,INSIDE CABINET,APPROX 900,APPROX 900,NA,NA,NA,NA,NA,NA,Cody Waite,8/6/2025,7:30:00 AM,9:05:00 AM,No rooftop access - Lift only - All measurements are approximate,No cabinet key,X,X,X,"9/7/2025
PHOTOS ONLY",COMPLETE
55,NE-HOLBROOK_WT,218 Tower Street, Holbrook,NE,68948,FURNAS,40.30448,-100.00532,Site ID 55 Phase Priority P2-2,Phase 2,City of Holbrook,NA,Chris Bolton 308-370-1857  chris.bolton@viaero.com,"WATER TANK (132' 8"")",WATER TANK,North Central Pulic Power,30049,VIAERO,Chris Bolton,12,12,12,12,12,NA,12,36,212,NA,35.5,Mack Gees,8/7/2025,10:50:00 AM,11:35:00 AM,needs Site tech to access and Needs weed control - barrier  Tentent imporviments needed.  No ground other then to Water tower,Need site to access,X,X,X,9/7/2025,COMPLETE
166,NE-MCCOOK_DT,402 Norris Avenue, McCook,NE,69001,RED WILLOW,40.20089,-100.62614,Site ID 166,Phase 2,INDUSTRIAL TOWER WEST,,Chris Bolton 308-370-1857  chris.bolton@viaero.com,"ROOFTOP (70' 8"")",ROOFTOP,NEBRASKA PUBLIC POWER,,,,,,,,,,,,,,,Mack Gees,,,,Need Special access-tech,1225 / KEYED,X,X,X,8/17/2025,COMPLETE
258,NE-HOLDREGE,616 West 1st Ave, Holdrege,NE,68949,PHELPS,40.43449,-99.3889,Site ID 258 Phase Priority P2-2,Phase 2,INDUSTRIAL TOWER WEST,1248397,Chris Bolton 308-370-1857  chris.bolton@viaero.com,"SELF-SUPPORT (195' 4"")",COMPOUND,NPPD WHOLESALE,92511855,VIAERO,Chris Bolton,117,68,138,130,178,174,78,130,84,NA,NA,Cody Waite,8/6/2025,6:00:00 PM,7:29:00 PM,None,1225 / KEYED,X,X,X,"8/17/2025
PHOTOS ONLY",COMPLETE
278,NE-CAMBRIDGE_HOSP,1305 US HWY 6, Cambridge,NE,69022,FURNAS,40.280661,-100.180148,Site ID 278 Phase Priority P2-2,Phase 2,INDUSTRIAL TOWER WEST,,Chris Bolton 308-370-1857  chris.bolton@viaero.com,"ROOFTOP (15' 6"")",ROOFTOP,Twin Valley Public Power,,,,,,,,,,,,,,,Mack Gees,8/7/2025,11:45:00 AM,12:50:00 PM,All good,Special access-need tech to access roof top and Eletrical room/Shelter,X,X,X,9/3/2025,COMPLETE
280,NE-CAMBRIDGE,40834 Dr. 721, Cambridge,NE,69022,FURNAS,40.28403,-100.18739,Site ID 280 Phase Priority P2-2,Phase 2,INDUSTRIAL TOWER WEST,1251617,Chris Bolton 308-370-1857  chris.bolton@viaero.com,"SELF-SUPPORT (195' 4"")",COMPOUND,Twin Valley Public Power,29264373,VIAERO,Chris Bolton,104,63,136,130,166,156,80,156,7,NA,NA,Mack Gees,8/7/2025,1:00:00 PM,2:30:00 PM,No access road,1225 / KEYED,X,X,X,8/17/2025 PHOTOS & SMD ONLY,COMPLETE
282,NE-ARAPAHOE,42366 Road 724, Arapahoe,NE,68922,,40.32106,-99.90247,Site ID 282 Phase Priority P2-2,Phase 2,INDUSTRIAL TOWER WEST,1251533,Chris Bolton 308-370-1857  chris.bolton@viaero.com,"SELF-SUPPORT (175' 4"")",COMPOUND,NPPD/TWIN VALLEYS,20302,VIAERO,Chris Bolton,133,89,135,100,189,140,170,100,96,NA,24,Cody Waite,8/7/2025,9:05:00 AM,10:10:00 AM,None,1225 / KEYED,X,X,X,"9/7/2025
PHOTOS ONLY",COMPLETE
286,NE-OXFORD_NORTH,10201 U.S. Highway 6, Oxford,NE,68967,FURNAS,40.30758,-99.59269,Site ID 286 Phase Priority P2-2,Phase 2,INDUSTRIAL TOWER WEST,1252410,Chris Bolton 308-370-1857  chris.bolton@viaero.com,GUYED TOWER (250'),COMPOUND,FURNACE COUNTY PUBLIC POWER,25382,VIAERO,Chris Bolton,131,239,282,100,211,98,28,78,65,NA,NA,Cody Waite,8/6/2025,,,None,1225 / KEYED,X,X,X,10/6/2025,COMPLETE
300,NE-WILSONVILLE,70950 Drive 412, Wilsonville,NE,69046,FURNAS,40.11789,-100.10522,Site ID 300 Phase Priority P2-2,Phase 2,INDUSTRIAL TOWER WEST,1267549,Chris Bolton 308-370-1857  chris.bolton@viaero.com,GUYED TOWER (330'),COMPOUND,Dawson PUBLIC POWER,20372,Microwave,Chris Bolton,96,72,96,109,156,98,86,60,98,NA,48,Mack Gees,8/7/2025,4:45:00 PM,6:00:00 PM,Wire gap needs closed at all times,1225 / KEYED,X,X,X,"9/7/2025
PHOTOS & SWF ONLY",COMPLETE
301,NE-BEAVER_CITY,42749 Road 712, Beaver City,NE,68926,FURNAS,40.147539,-99.828081,Site ID 301 Phase Priority P2-2,Phase 2,INDUSTRIAL TOWER WEST,1267550,Chris Bolton 308-370-1857  chris.bolton@viaero.com,"SELF-SUPPORT (195' 4"")",COMPOUND,Nebraska Pulic Power,20294,Microwave,Chris Bolton,9,16,18,15,13,23,20,16,240,NA,NA,Mack Gees,8/6/2025,11:00:00 AM,1:30:00 PM, Access road needs attention,1225 / KEYED,X,X,X,"9/7/2025
PHOTOS ONLY",COMPLETE
306,NE-WILCOX,404 N Briggs Street, Wilcox,NE,68982,KEARNEY,40.36941,-99.17052,Site ID 306 Phase Priority P2-2,Phase 2,INDUSTRIAL TOWER WEST,1273995,Chris Bolton 308-370-1857  chris.bolton@viaero.com,"SELF-SUPPORT (195' 4"")",COMPOUND,Southern Power District,82829980,VIAERO,Chris Bolton,142,200,232,120,188,89,42,32,86,NA,NA,Cody Waite,8/5/2025,9:30:00 AM,10:45:00 AM,None,1225 / KEYED,X,X,X,"9/7/2025
PHOTOS ONLY",COMPLETE
323,NE-AXTELL,809 W. 3rd Street, Axtell,NE,68924,KEARNEY,40.47797,-99.1411,Site ID 323 Phase Priority P2-2,Phase 2,INDUSTRIAL TOWER WEST,1282560,Chris Bolton 308-370-1857  chris.bolton@viaero.com,SELF-SUPPORT (120'),COMPOUND,Southern Power District,141024010,VIAERO,Chris Bolton,134,200,232,125,210,114,60,50,99,NA,NA,Cody Waite,8/6/2025,8:00:00 AM,9:55:00 AM,None,1225 / KEYED,X,X,X,"9/7/2025
PHOTOS ONLY",COMPLETE
343,NE-LOOMIS,73448 G Road, Loomis,NE,68958,PHELPS,40.4735,-99.51205,Site ID 343 Phase Priority P2-2,Phase 2,INDUSTRIAL TOWER WEST,1282602,Chris Bolton 308-370-1857  chris.bolton@viaero.com,SELF-SUPPORT (80'),COMPOUND,Southern Power District,141025970,VIAERO,Chris Bolton,94,252,264,96,116,78,89,30,156,NA,NA,Brian King,8/6/2025,5:13:00 PM,7:32:00 PM,None,1225 / KEYED,X,X,X,"9/7/2025
9/16/2025",COMPLETE
424,NE-ALMA,515 Highway 183, Alma,NE,68920,HARLAN,40.10319,-99.37047,Site ID 424 Phase Priority P2-2,Phase 2,INDUSTRIAL TOWER WEST,1260806,Chris Bolton 308-370-1857  chris.bolton@viaero.com,"SELF-SUPPORT (195' 4"")",COMPOUND,NEBRASKA PUBLIC POWER,158011688,VIAERO,Chris Bolton,96,180,216,156,132,204,96,156,84,NA,NA,Mack Gees,8/6/2025,5:15pm,6:30pm,Colcation,1225 / KEYED,X,X,X,9/7/2025,COMPLETE
425,NE-EUSTIS,41544 Road 746, Eustis,NE,69028,FRONTIER,40.64433,-100.06958,Site ID 425 Phase Priority P2-2,Phase 2,INDUSTRIAL TOWER WEST,1276142,Chris Bolton 308-370-1857  chris.bolton@viaero.com,SELF-SUPPORT,COMPOUND,McCook PPD,131906842,VIAERO,Chris Bolton,106,170,225,140,136,164,48,170,84,NA,NA,Brian King,8/7/2025,6:01:00 PM,6:34:00 PM,None,1225/KEYED,X,X,X,9/16/2025,COMPLETE
426,NE-ELWOOD,101 Railroad Street, Elwood,NE,68937,GOSPER,40.59502,-99.86655,Site ID 426 Phase Priority P2-2,Phase 2,INDUSTRIAL TOWER WEST,1270149,Chris Bolton 308-370-1857  chris.bolton@viaero.com,"SELF-SUPPORT (195' 4"")",COMPOUND,Dawson PUBLIC POWER,182002434,VIAERO,Chris Bolton,103,245,204,170,105,NA,NA,170,84,NA,NA,Brian King,8/7/2025,1:31:00 PM,3:14:00 PM,None,1225/KEYED,X,X,X,9/16/2025,COMPLETE
427,NE-BERTRAND,1135 Kellogg Street, Bertrand,NE,68927,PHELPS,40.5245,-99.64289,Site ID 427 Phase Priority P2-2,Phase 2,INDUSTRIAL TOWER WEST,1312637,Chris Bolton 308-370-1857  chris.bolton@viaero.com,"SELF-SUPPORT (195' 4"")",COMPOUND,Southern Power District,135449335,VIAERO,Chris Bolton,100,220,275,150,134,40,48,0,156,NA,NA,Brian King,8/7/2025,3:17:00 PM,4:24:00 PM,None,1225 / KEYED,X,X,X,"9/16/2025
PHOTOS ONLY",COMPLETE
791,NE-STAMFORD_DT,675 W. Webster Street, Stamford,NE,68977,HARLAN,40.13347,-99.60055,Site ID 791 Phase Priority P2-2,Phase 2,INDUSTRIAL TOWER WEST,N/A,Chris Bolton 308-370-1857  chris.bolton@viaero.com,"SELF-SUPPORT (150' 7"")",COMPOUND,NEBRASKA PUBLIC POWER,20039,VIAERO,Chris Bolton,120,216,252,120,252,84,96,84,72,NA,264,Mack Gees,8/6/2025,1:30:00 PM,3:30:00 PM,None,1225 / KEYED,X,X,X,9/7/2025,COMPLETE
792,NE-ORLEANS_DT,109 W. Cedar Street, Orleans,NE,68966,HARLAN,40.13697,-99.45476,Site ID 792 Phase Priority P2-2,Phase 2,INDUSTRIAL TOWER WEST,,Chris Bolton 308-370-1857  chris.bolton@viaero.com,"SELF-SUPPORT (150' 7"")",COMPOUND,NEBRASKA PUBLIC POWER,68628243,VIAERO,Chris Bolton,120,204,240,96,300,84,132,36,84,NA,NA,Mack Gees,8/6/2025,3:20:00 PM,5:30:00 PM,Clean access road and area,1225 / KEYED,X,X,X,9/7/2025,COMPLETE
797,NE-OXFORD_DT,501 W Cornwall St, Oxford,NE,68967,FURNAS,40.24969,-99.6386,Site ID 797 Phase Priority P2-2,Phase 2,INDUSTRIAL TOWER WEST,1302988,Chris Bolton 308-370-1857  chris.bolton@viaero.com,"SELF-SUPPORT (150' 7"")",COMPOUND,Oxford Utiltiy,5422,VIAERO,Chris Bolton,114,216,252,96,300,60,96,36,84,NA,216,Mack Gees,8/6/2025,6:30:00 PM,8:00:00 PM,None,1225 / KEYED,X,X,X,9/7/2025,COMPLETE
949,NE-EDISON,101 Smith Street, Edison,NE,68936,FURNAS,40.27556145,-99.7806094,Site ID 949 Phase Priority P2-2,Phase 2,INDUSTRIAL TOWER WEST,,Chris Bolton 308-370-1857  chris.bolton@viaero.com,"SELF-SUPPORT (195' 4"")",COMPOUND,Twin Valley Public Power,30487,VIAERO,Chris Bolton,90,80,174,94,194,108,72,200,84,NA,NA,Mack Gees,8/7/2025,9:20:00 AM,10:50:00 AM,No access road though Farmers field,1225 / KEYED,X,X,X,"8/17/2025
PHOTOS & SMD ONLY",COMPLETE
986,NE-HOLDREGE_EAST,1825 E. Hwy. 6 & 34, Holdrege,NE,68949,PHELPS,40.44033,-99.35607,Site ID 986 Phase Priority P2-2,Phase 2,INDUSTRIAL TOWER WEST,1288964,Chris Bolton 308-370-1857  chris.bolton@viaero.com,SELF-SUPPORT (140'),COMPOUND,NPPD WHOLESALE,92511864,VIAERO,Chris Bolton,138,90,104,93,183,170,36,155,84,NA,NA,Cody Waite,8/6/2025,2:00:00 PM,3:15:00 PM,None,1225 / KEYED,X,X,X,"9/7/2025
PHOTOS ONLY",COMPLETE
1030,NE-RAGAN_GW,1228 Cross Ave, Ragan,NE,68969,,40.3084,-99.2905,Site ID 1030 Phase Priority P2-2,Phase 2,,,Chris Bolton 308-370-1857  chris.bolton@viaero.com,,,,,,,,,,,,,,,,,,,,,,,,,,,,CANCELLED
35,NE-SARGENT,502 W. Jessie, Sargent,NE,68874,CITY OF SARGENT,41.63708,-99.37193,Site ID 35 Phase Priority P2-7,Phase 3,INDUSTRIAL TOWER WEST,1300843,Chris Bolton 308-370-1857  chris.bolton@viaero.com,SELF-SUPPORT (120'),COMPOUND,UNKNOWN,123817293,VIAERO,Chris Bolton,115,232,285,100,192,60,72,60,84,NA,NA,Devan Sharp,8/13/2025,5:35:00 PM,7:05:00 PM,NONE,1225 / KEYED,X,X,X,10/3/2025,COMPLETE
52,NE-CHAMBERS_WEST,47103 849th Road, Amelia,NE,68711,HOLT,42.13008,-99.06002,Site ID 52 Phase Priority P2-7,Phase 3,INDUSTRIAL TOWER WEST,1297631,Chris Bolton 308-370-1857  chris.bolton@viaero.com,"SELF-SUPPORT (195' 4"")",COMPOUND,NIOBRARA VALLEY,93856921,VIAERO,Chris Bolton,118,224,226,72,181,60,126,60,84,NA,26,Mack Gees,8/13/2025,3:55:00 PM,5:15:00 PM,None,1225 / KEYED,X,X,X,9/17/2025,COMPLETE
228,NE-WOLBACH,814 Drummond Ave, Wolbach,NE,68882,GREELEY,41.39881,-98.38771,Site ID 228 Phase Priority P2-7,Phase 3,INDUSTRIAL TOWER WEST,1243257,Chris Bolton 308-370-1857  chris.bolton@viaero.com,GUYED (190'),COMPOUND,HOWARD-GREELY RURAL PUBLIC DISTRICT,335765362,Microwave,Chris Bolton,90,96,24,96,120,240,12,96,120,NA,NA,Derrick Molehill/Jamey Lott,9/16/2025,3:09:00 PM,4:09:00 PM,Overgrown W/ weeds and nearly inaccessable (see photos),1225 / KEYED,X,X,X,10/15/2025,COMPLETE
233,NE-ST_PAUL,973 14th Ave, St. Paul,NE,68873,HOWARD,41.23455556,-98.45684722,Site ID 233 Phase Priority P2-7,Phase 3,INDUSTRIAL TOWER WEST,1247141,Chris Bolton 308-370-1857  chris.bolton@viaero.com,GUYED (195'),COMPOUND,HOWARD-GREELY RURAL PUBLIC DISTRICT,333736201,Microwave,Chris Bolton,120,74,182,62,145,36,60,36,86,NA,NA,Mack Gees,8/13/2025,4:00:00 PM,5:45:00 PM,none,1225 / KEYED,X,X,X,10/19/2025,COMPLETE
234,NE-GREELEY,81357 498th Ave, Greeley,NE,68842,GREELEY,41.61841667,-98.51230556,Site ID 234 Phase Priority P2-7,Phase 3,INDUSTRIAL TOWER WEST,1242804,Chris Bolton 308-370-1857  chris.bolton@viaero.com,GUYED (260'),COMPOUND,HOWARD-GREELY RURAL PUBLIC DISTRICT,333736525,VIAERO,Chris Bolton,136,48,150,64,96,185,215,48,60,NA,NA,Derrick Molehill/Jamey Lott,9/16/2025,5:00:00 PM,7:30:00 PM,None,1225 / Keyed,X,X,X,9/23/2025,COMPLETE
246,NE-CHAMBERS,85158 U.S. Hwy 281, Chambers,NE,68725,HOLT,42.17,-98.64953,Site ID 246 Phase Priority P2-7,Phase 3,INDUSTRIAL TOWER WEST,1244397,Chris Bolton 308-370-1857  chris.bolton@viaero.com,"SELF-SUPPORT (227' 6"")",COMPOUND,NIOBRARA VALLEY,93858843,Microwave,Chris Bolton,102,207,194,105,177,122,48,105,27,NA,26,Mack Gees,8/13/2025,2:00:00 PM,3:18:00 PM,None,1225 / KEYED,X,X,X,9/17/2025,COMPLETE
329,NE-BURWELL_DT_HUB,180 Grand Ave, Burwell,NE,68823,GARFIELD,41.78186,-99.13524,Site ID 329 Phase Priority P2-7,Phase 3,INDUSTRIAL TOWER WEST,,Chris Bolton 308-370-1857  chris.bolton@viaero.com,ROOFTOP,ROOFTOP,LOUP VALLEY RPPD,356371695,VIAERO,Chris Bolton,36,36,40,40,40,60,60,60,960,NA,NA,Mack Gees,8/12/2025,10:30:00 AM,11:40:00 AM,Will need special acess POC(tech)to Access the Roof top- hatch you will need lighting no lights to access roff hatch and will need to have real working ladder at CX to access roof top or man lift,1225 / KEYED,X,X,X,"9/16/2025
9/17/2025",COMPLETE
400,NE-LOUP_CITY,"1225 ""O"" Street", Loup City,NE,68853,SHERMAN,41.27467,-98.97527,Site ID 400 Phase Priority P2-7,Phase 3,INDUSTRIAL TOWER WEST,1276137,Chris Bolton 308-370-1857  chris.bolton@viaero.com,"SELF-SUPPORT (147' 6"")",COMPOUND,NPPD,143352865,VIAERO,Chris Bolton,108,249,305,150,180,180,96,150,96,NA,NA,Mack Gees,8/14/2025,1:30:00 PM,3:45:00 PM,None,1225 / KEYED,X,X,X,9/17/2025,COMPLETE
405,NE-COMSTOCK,46060 Sargent Ord Road, Comstock,NE,68828,CUSTER,41.595367,-99.238223,Site ID 405 Phase Priority P2-7,Phase 3,INDUSTRIAL TOWER WEST,1258516,Chris Bolton 308-370-1857  chris.bolton@viaero.com,"SELF-SUPPORT (195' 4"")",COMPOUND,NPPD,,Microwave,Chris Bolton,92,36,125,96,126,420,25,105,120,NA,NA,Derrick Molehill,8/19/2025,11:10:00 AM,12:15:00 PM,Need Special access-tech,1225 / KEYED,X,X,X,9/23/2025,COMPLETE
406,NE-ASHTON,78784 483rd Avenue, Ashton,NE,68817,SHERMAN,41.24755556,-98.80363889,Site ID 406 Phase Priority P2-7,Phase 3,INDUSTRIAL TOWER WEST,1265987,Chris Bolton 308-370-1857  chris.bolton@viaero.com,GUYED (195'),COMPOUND,DAWSON PUBLIC POWER,143472030,Microwave,Chris Bolton,104,218,224,152,132,186,60,152,96,NA,48,Mack Gees,8/14/2025,6:05:00 PM,8:05:00 PM,COMPOUND WASH OUT ON THE BACK SIDE OF THE COMPOUND,1225 / KEYED,X,X,X,"9/16/2025
9/17/2025",COMPLETE
435,NE-DRY_VALLEY,45250 Weissert Road, Weissert,NE,68814,CUSTER,41.47031,-99.39386,Site ID 435 Phase Priority P2-7,Phase 3,INDUSTRIAL TOWER WEST,1258511,Chris Bolton 308-370-1857  chris.bolton@viaero.com,GUYED (195'),COMPOUND,CUSTER PUBLIC ELECTRIC,337952153,VIAERO,Joe Dilks,104,208,222,127,125,128,48,128,60,NA,4,Mack Gees,8/13/2025,7:35:00 PM,9:35:00 PM, New Verizon location completed and Viareo fiberback haul  install in progress,1225/ keyed,X,X,X,9/3/2025,COMPLETE
440,NE-COTESFIELD,1916 23rd Avenue, Cotesfield,NE,68835,HOWARD,41.36580556,-98.64361111,Site ID 440 Phase Priority P2-7,Phase 3,INDUSTRIAL TOWER WEST,1260801,Chris Bolton 308-370-1857  chris.bolton@viaero.com,GUYED (200'),COMPOUND,HOWARD-GREELY RURAL PUBLIC DISTRICT,335766127,VIAERO,Chris Bolton,108,48,132,96,120,120,48,120,84,NA,48,Mack Gees,8/12/2025,11:40:00 AM,1:20:00 PM,None,1225 / KEYED,X,X,X,9/17/2025,COMPLETE
445,NE-NORTH_LOUP,48353 Hwy 22, North Loup,NE,68859,VALLEY,41.492899,-98.798454,Site ID 445 Phase Priority P2-7,Phase 3,INDUSTRIAL TOWER WEST,1260799,Chris Bolton 308-370-1857  chris.bolton@viaero.com,GUYED (330'),COMPOUND,LOUP VALLEY RPPD,LV-0401,VIAERO,Chris Bolton,108,48,132,96,120,120,48,120,86,NA,48,Mack Gees,8/12/2025,1:25:00 PM,4:40:00 PM,NONE,1225 / KEYED,X,X,X,9/23/2025,COMPLETE
448,NE-ORD,1313 N Street, Ord,NE,68862,VALLEY,41.60083,-98.9265,Site ID 448 Phase Priority P2-7,Phase 3,INDUSTRIAL TOWER WEST,1260805,Chris Bolton 308-370-1857  chris.bolton@viaero.com,"SELF-SUPPORT (147' 6"")",COMPOUND,LOUP VALLEY RPPD,89018649,VIAERO,Chris Bolton,48,48,126,68,96,72,36,108,86,NA,NA,Devan Sharp,8/12/2025,5:04:00 PM,7:04:00 PM,none,1225 / KEYED,X,X,X,9/25/2025,COMPLETE
457,NE-CHAMBERS_DT,607 W. Main Street, Chambers,NE,68725,HOLT,42.20428,-98.75583,Site ID 457 Phase Priority P2-7,Phase 3,INDUSTRIAL TOWER WEST,1270143,Chris Bolton 308-370-1857  chris.bolton@viaero.com,"SELF-SUPPORT (147' 6"")",COMPOUND,NIOBRARA VALLEY,93860562,VIAERO,Chris Bolton,102,207,194,105,177,122,48,105,84,NA,26,Mack Gees,8/12/2025,12:30:00 PM,1:40:00 PM,None,1225 / KEYED,X,X,X,9/17/2025,COMPLETE
483,NE-PALMER,104 Zurich Street, Palmer,NE,68864,MERRICK,41.22074,-98.26975,Site ID 483 Phase Priority P2-7,Phase 3,INDUSTRIAL TOWER WEST,1275795,Chris Bolton 308-370-1857  chris.bolton@viaero.com,"SELF-SUPPORT (195' 4"")",COMPOUND,Southern Power District,135449567,VIAERO,Chris Bolton,104,206,225,129,124,124,98,152,74,NA,NA,Mack Gees,8/12/2025,9:33:00 AM,10:47:00 AM, New verizon site being built  don’t know what the compound  size that will be installed with new Cabinet and genset install,1225 / KEYED,X,X,X,9/25/2025,COMPLETE
499,NE-BURWELL,82413 471st Avenue, Burwell,NE,68823,GARFIELD,41.76977,-99.05812,Site ID 499 Phase Priority P2-7,Phase 3,INDUSTRIAL TOWER WEST,1274747,Chris Bolton 308-370-1857  chris.bolton@viaero.com,GUYED (300'),COMPOUND,LOUP VALLEY RPPD,LV-1279,VIAERO,Chris Bolton,118,156,153,146,176,105,96,105,84,NA,48,Mack Gees,8/12/2025,6:00:00 PM,7:35:00 PM,"Acess road need attn has some ruts, front of compound at agte is washing out and needs toeb addressed for suretry reasons",1225 / KEYED,X,X,X,"9/16/2025
9/17/2025",COMPLETE
727,NE-BURWELL_DT_SOUTH,604 S. 8th, Burwell,NE,68823,GARFIELD,41.77255609,-99.13063463,Site ID 727 Phase Priority P2-7,Phase 3,INDUSTRIAL TOWER WEST,1292774,Chris Bolton 308-370-1857  chris.bolton@viaero.com,SELF-SUPPORT (120'),,LOUP VALLEY RPPD,355505696,VIAERO,Chris Bolton,112,232,285,100,192,60,72,60,84,NA,16,Mack Gees,8/12/2025,7:50:00 PM,9:15:00 PM, Access During Planting Season will be farmed in.,1225 / KEYED,X,X,X,"9/16/2025
9/17/2025",COMPLETE
753,NE-ROSE,44743 852nd Road, Rose,NE,68714,ROCK,42.18043,-99.51384,Site ID 753 Phase Priority P2-7,Phase 3,INDUSTRIAL TOWER WEST,1282613,Chris Bolton 308-370-1857  chris.bolton@viaero.com,"SELF-SUPPORT (195' 4"")",COMPOUND,KBR/RPPD,10323,VIAERO,Chris Bolton,120,72,180,60,128,144,36,62,86,NA,NA,Devan Sharp,8/12/2025,12:34:00 PM,3:03:00 PM,NONE,1225 / KEYED,X,X,X,9/25/2025,COMPLETE
756,NE-HORSESHOE_BEND_LAKE,83565 Highway 183, Taylor,NE,68879,LOUP,41.93706,-99.38953,Site ID 756 Phase Priority P2-7,Phase 3,INDUSTRIAL TOWER WEST,1282596,Chris Bolton 308-370-1857  chris.bolton@viaero.com,"SELF-SUPPORT (195' 4"")",COMPOUND,CUSTER PUBLIC ELECTRIC,348554328,VIAERO,Chris Bolton,114,65,128,57,71,31,47,32,72,NA,NA,Mack Gees,8/13/2025,8:15:00 AM,11:30:00 AM,None,1225 / KEYED,X,X,X,9/17/2025,COMPLETE
759,NE-SHERMAN_LAKE,47847 794th Road, Loup City,NE,68853,,41.33824,-98.88794,Site ID 759 Phase Priority P2-7,Phase 3,INDUSTRIAL TOWER WEST,1282617,Chris Bolton 308-370-1857  chris.bolton@viaero.com,"SELF-SUPPORT (199' 8"")",COMPOUND,LOUP VALLEY RPPD,LV-0295,VIAERO,Chris Bolton,115,232,285,100,192,60,72,60,84,NA,22,Mack Gees,8/14/2025, 10:40 Am,1:00pm,None-Muddy when ground is wet ,1225 / KEYED,X,X,X,10/15/2025,COMPLETE
779,NE-TAYLOR_EAST,82355 Rusho Drive, Taylor,NE,68879,LOUP,41.76364,-99.37696,Site ID 779 Phase Priority P2-7,Phase 3,INDUSTRIAL TOWER WEST,1312626,Chris Bolton 308-370-1857  chris.bolton@viaero.com,"SELF-SUPPORT (195' 4"")",COMPOUND,CUSTER PUBLIC ELECTRIC,337952327,Microwave,Chris Bolton,120,74,182,62,145,36,60,36,86,NA,NA,Devan Sharp,8/13/2025,4:00:00 PM,5:45:00 PM,NONE,1225 / KEYED,X,X,X,10/19/2025,COMPLETE
993,NE-ARCADIA,500 N. Hawthorne, Arcadia,NE,68815,VALLEY,41.42794328,-99.12263331,Site ID 993 Phase Priority P2-7,Phase 3,INDUSTRIAL TOWER WEST,1312623,Chris Bolton 308-370-1857  chris.bolton@viaero.com,"SELF-SUPPORT (150' 6"")",COMPOUND,LOUP VALLEY RPPD,LV-3163,Microwave,Chris Bolton,108,208,222,86,188,60,72,38,88,NA,22,Mack Gees,8/13/2025,6:15:00 PM,7:30:00 PM, ACCESS IS  HIDDEN IN TALL GRASS,1225 / KEYED,X,X,X,"9/16/2025
9/17/2025",COMPLETE
91,NE-STUART_DT,216 E. Highway 20, Stuart,NE,68780,HOLT,42.59618171,-99.14041639,Site 91 P2-9,Phase 4,INDUSTRIAL TOWER WEST,1298811,Chris Bolton 308-370-1857  chris.bolton@viaero.com,MONOPOLE (100'),COMPOUND,VILLAGE OF STUART,22651506,VIAERO,Chris Bolton,108,178,220,96,220,95,48,32,72,NA,NA,Cody Waite,8/20/2025,7:40:00 AM,8:45:00 AM,None,1225 / KEYED,X,X,X,10/19/2025,COMPLETE
114,NE-ATKINSON_SOUTH,86993 STATE HIGHWAY 11, Atkinson,NE,68713,HOLT,42.43392,-98.96741,Site 114 P2-9,Phase 4,INDUSTRIAL TOWER WEST,1312850,Chris Bolton 308-370-1857  chris.bolton@viaero.com,SELF-SUPPORT (180'),COMPOUND,NPPD ONEILL,99825937,VIAERO,Chris Bolton,112,192,238,140,160,188,86,150,60,NA,NA,Cody Waite,8/18/2025,1:30:00 PM,2:30:00 PM,None,1225 / KEYED,X,X,X,10/19/2025,COMPLETE
118,NE-MILLS_SOUTH,89501 Big Ann Lane, Mills,NE,68753,KEYA PAHA,42.79634,-99.39582,Site 118 P2-9,Phase 4,INDUSTRIAL TOWER WEST,1297071,Chris Bolton 308-370-1857  chris.bolton@viaero.com,"SELF-SUPPORT (195' 4"")",COMPOUND,KBR/RPPD,12303,VIAERO,Chris Bolton,110,170,226,96,266,90,60,28,84,NA,NA,Cody Waite,8/19/2025,6:20:00 PM,7:20:00 PM,None,1225 / KEYED,X,X,X,10/19/2025,COMPLETE
165,NE-ONEILL_SE,639 South 10th Street, O'Neill,NE,68763,HOLT,42.4503,-98.63854,Site 165 P2-9,Phase 4,INDUSTRIAL TOWER WEST,,Chris Bolton 308-370-1857  chris.bolton@viaero.com,SELF-SUPPORT (120'),COMPOUND,NPPD,146467572,,Chris Bolton,,36,36,36,36,36,50,36,60,NA,NA,Cody Waite,8/18/2025,4:45:00 PM,5:45:00 AM,"Cabinet site, shelter is powered up but wide open",1225 / KEYED,X,X,X,10/19/2025,COMPLETE
247,NE-ONEILL,87151 496th Ave, O'Neill,NE,68763,HOLT,42.45858,-98.58002,Site 247 P2-9,Phase 4,INDUSTRIAL TOWER WEST,1244969,Chris Bolton 308-370-1857  chris.bolton@viaero.com,GUYED TOWER (330'),COMPOUND,NIOBRARA VALLEY,93859565,VIAERO,Chris Bolton,96,170,210,100,270,72,36,95,36,NA,NA,Cody Waite,8/19/2025,7:30:00 AM,8:30:00 AM,Farm field,1225 / KEYED,X,X,X,10/19/2025,COMPLETE
267,NE-BASSETT,88087 448th Ave, Bassett,NE,68714,ROCK,42.59117,-99.52026,Site 267 P2-9,Phase 4,INDUSTRIAL TOWER WEST,1260303,Chris Bolton 308-370-1857  chris.bolton@viaero.com,GUYED TOWER (185'),COMPOUND,KBR/RPPD,14226,VIAERO,Chris Bolton,102,130,190,154,128,238,40,155,84,NA,NA,Cody Waite,8/20/2025,10:20:00 AM,11:20:00 AM,Hay field,1225 / KEYED,X,X,X,10/25/2025,COMPLETE
269,NE-ONEILL_SALES,132 S 4th Street, O'Neill,NE,68763,HOLT,42.45668611,-98.64719167,Site 269 P2-9,Phase 4,INDUSTRIAL TOWER WEST,UNKNOWN,Chris Bolton 308-370-1857  chris.bolton@viaero.com,MONOPOLE (50'),COMPOUND,NPPD,175812453,VIAERO,Chris Bolton,64,36,12,NA,130,650,20,90,NA,NA,NA,Derrick Molehill,9/17/2025,2:39:00 PM,2:41:00 PM,Need Special access-tech,NA,X,X,X,10/25/2025,COMPLETE
270,NE-ATKINSON,107 S. Hyde St., Atkinson,NE,68713,HOLT,42.530801,-98.970453,Site 270 P2-9,Phase 4,INDUSTRIAL TOWER WEST,12602961,Chris Bolton 308-370-1857  chris.bolton@viaero.com,"SELF-SUPPORT (147' 6"")",COMPOUND,NPPD,146463559,VIAERO,Chris Bolton,241,227,32,92,183,106,108,90,210,NA,NA,Jamey Lott,10/7/2025,9:49:00 AM,10:32:00 AM,Need Special access-tech,1225 / KEYED,X,X,X,10/19/2025,COMPLETE
334,NE-BASSETT_SOUTH,44608 Deer Ridge Road, Bassett,NE,68714,ROCK,42.40562,-99.54494,Site 334 P2-9,Phase 4,INDUSTRIAL TOWER WEST,1282563,Chris Bolton 308-370-1857  chris.bolton@viaero.com,"SELF-SUPPORT (195' 1"")",COMPOUND,KBR/RPPD,10738,VIAERO,Chris Bolton,110,142,214,174,136,114,36,122,72,NA,NA,Cody Waite,8/20/2025,11:40:00 AM,1:45:00 PM,Bad road in very sandy and steep - compound fence eroded bad,1225 / KEYED,X,X,X,10/25/2025,COMPLETE
371,NE-VERDIGRE_WEST,87982 512th Avenue, Verdigre West,NE,68783,KNOX,42.57937,-98.26397,Site 371 P2-9,Phase 4,INDUSTRIAL TOWER WEST,1297464,Chris Bolton 308-370-1857  chris.bolton@viaero.com,GUYED TOWER (330'),COMPOUND,NORTH CENTRAL PPD,120978927,VIAERO,Chris Bolton,85,159,255,99,241,173,55,32,45,NA,NA,Jamey Lott,9/19/2025,1:31:00 PM,3:17:00 PM,None,1225 / KEYED,X,X,X,10/25/2025,COMPLETE
412,NE-EMMET,87318 484th Ave., Emmet,NE,68763,HOLT,42.48143,-98.81376,Site 412 P2-9,Phase 4,INDUSTRIAL TOWER WEST,1271893,Chris Bolton 308-370-1857  chris.bolton@viaero.com,"SELF-SUPPORT (195' 4"")",COMPOUND,NIOBRARA VALLEY,93857916,VIAERO,Chris Bolton,120,166,242,106,252,104,64,60,84,NA,NA,Cody Waite,8/18/2025,3:00:00 PM,4:00:00 PM,None,1225 / KEYED,X,X,X,10/19/2025,COMPLETE
430,NE-SPENCER,48952 900th Road, Spencer,NE,68777,BOYD,42.87269167,-98.71196111,Site 430 P2-9,Phase 4,INDUSTRIAL TOWER WEST,1266923,Chris Bolton 308-370-1857  chris.bolton@viaero.com,GUYED TOWER (330'),COMPOUND,NPPD/NIOBRARA VALLEY,93858330,Microwave,Chris Bolton,100,166,200,144,108,210,32,150,66,NA,NA,Cody Waite,8/19/2025,12:21:00 PM,1:20:00 PM,Hay field - overgrown gate,1225 / KEYED,X,X,X,10/19/2025,COMPLETE
451,NE-STUART,88308 466th Ave, Stuart,NE,68789,HOLT,42.62397,-99.166,Site 451 P2-9,Phase 4,INDUSTRIAL TOWER WEST,1260300,Chris Bolton 308-370-1857  chris.bolton@viaero.com,GUYED TOWER (330'),COMPOUND,NIOBRARA VALLEY,9385948,VIAERO,Chris Bolton,106,130,202,146,132,215,36,150,93,NA,NA,Cody Waite,8/20/2025,9:00:00 AM,10:00:00 AM,"Overgrown, no access road, broken gate",1225 / KEYED,X,X,X,10/25/2025,COMPLETE
454,NE-MIDWAY,49156 887th Road, O'Neill,NE,68763,HOLT,42.68306,-98.66633,Site 454 P2-9,Phase 4,INDUSTRIAL TOWER WEST,1267048,Chris Bolton 308-370-1857  chris.bolton@viaero.com,GUYED TOWER (330'),COMPOUND,NIOBRARA VALLEY,93861669,VIAERO,Chris Bolton,102,158,210,142,150,224,40,142,91,NA,NA,Cody Waite,8/19/2025,10:20:00 AM,11:30:00 AM,None,1225 / KEYED,X,X,X,10/19/2025,COMPLETE
466,NE-VERDIGRE,88169 Skyline Drive, Verdigre,NE,68783,KNOX,42.60676,-98.04616,Site 466 P2-9,Phase 4,INDUSTRIAL TOWER WEST,1268717,Chris Bolton 308-370-1857  chris.bolton@viaero.com,GUYED TOWER (330'),COMPOUND,NORTH CENTRAL PPD,127981109,VIAERO,Chris Bolton,85,159,262,102,246,129,22,31,28,NA,NA,Jamey Lott,9/19/2025,11:29:00 AM,1:18:00 PM,None,1225 / KEYED,X,X,X,10/25/2025,COMPLETE
482,NE-NIOBRARA,104 South Cherry Street, Niobrara,NE,68760,KNOX,42.7428,-98.03318,Site 482 P2-9,Phase 4,INDUSTRIAL TOWER WEST,1268718,Chris Bolton 308-370-1857  chris.bolton@viaero.com,GUYED TOWER (330'),COMPOUND,NORTH CENTRAL PPD,97664364,VIAERO,Chris Bolton,90,148,262,103,234,128,34,30,24,NA,NA,Jamey Lott,9/18/2025,8:06:00 AM,10:12:00 AM,None,1225 / KEYED,X,X,X,10/19/2025,COMPLETE
489,NE-BUTTE_WEST,47637 Hwy 12, Butte,NE,68727,BOYD,42.91279,-98.97169,Site 489 P2-9,Phase 4,INDUSTRIAL TOWER WEST,1272619,Chris Bolton 308-370-1857  chris.bolton@viaero.com,"SELF-SUPPORT (195' 4"")",COMPOUND,NPPD,93860500,VIAERO,Chris Bolton,120,158,224,96,254,102,70,30,74,NA,NA,Cody Waite,8/19/2025,3:20:00 PM,4:25:00 PM,Overgrown access road - rough to access,1225 / KEYED,X,X,X,10/19/2025,COMPLETE
490,NE-VERDEL,89609 516th Ave, Verdel,NE,68760,KNOX,42.81487,-98.19121,Site 490 P2-9,Phase 4,INDUSTRIAL TOWER WEST,1272325,Chris Bolton 308-370-1857  chris.bolton@viaero.com,GUYED TOWER (330'),COMPOUND,NIOBRARA VALLEY,93859746,VIAERO,Chris Bolton,119,166,241,93,208,106,42,33,25,NA,NA,Jamey Lott,9/18/2025,1:32:00 PM,3:50:00 PM,None,1225 / KEYED,X,X,X,10/25/2025,COMPLETE
491,NE-BROCKSBURG,90637 State Hwy 137, Brocksburg,NE,68759,KEYA PAHA,42.96343,-99.2851,Site 491 P2-9,Phase 4,INDUSTRIAL TOWER WEST,1272621,Chris Bolton 308-370-1857  chris.bolton@viaero.com,"SELF-SUPPORT (195' 4"")",COMPOUND,NPPD/KBR,11747,VIAERO,Chris Bolton,114,178,228,101,279,92,70,30,72,NA,NA,Cody Waite,8/19/2025,4:40:00 PM,5:41:00 PM,None,1225 / KEYED,X,X,X,10/19/2025,COMPLETE
492,NE-LYNCH,89628 503rd Ave, Lynch,NE,68746,BOYD,42.81899,-98.44669,Site 492 P2-9,Phase 4,INDUSTRIAL TOWER WEST,1270970,Chris Bolton 308-370-1857  chris.bolton@viaero.com,GUYED TOWER (330'),COMPOUND,NIOBRARA VALLEY,93860887,VIAERO,Chris Bolton,108,238,259,152,138,186,84,200,72,NA,NA,Jamey Lott,9/18/2025,8:20:00 AM,9:43:00 AM,None,1225 / KEYED,X,X,X,10/9/2025,COMPLETE
799,NE-BUTTE_DT,731 Broadway St, Butte,NE,68722,BOYD,42.91564,-98.85007,Site 799 P2-9,Phase 4,INDUSTRIAL TOWER WEST,1312722,Chris Bolton 308-370-1857  chris.bolton@viaero.com,"SELF-SUPPORT (150' 7"")",COMPOUND,NPPD,154327826,VIAERO,Chris Bolton,216,170,241,96,266,82,32,30,79,NA,NA,Cody Waite,8/19/2025,2:00:00 PM,3:05:00 PM,None,1225 / KEYED,X,X,X,10/19/2025,COMPLETE
917,NE-ONEILL_HOSP,300 N 2nd Street, O'Neill,NE,68763,HOLT,42.46104,-98.65021,Site 917 P2-9,Phase 4,INDUSTRIAL TOWER WEST,UNKNOWN,Chris Bolton 308-370-1857  chris.bolton@viaero.com,ROOFTOP,ROOFTOP,UNKNOWN,UNKNOWN,VIAERO,Chris Bolton,128,36,150,96,130,650,20,90,NA,NA,NA,Derrick Molehill,9/18/2025,8:55:00 AM,9:52:00 AM,Need Special access-tech,NA,X,X,X,10/25/2025,COMPLETE
985,NE-ONEILL_NORTH,47286 N. Westwood Ave, O'Neill,NE,68763,HOLT,42.4742,-98.656,Site 985 P2-9,Phase 4,INDUSTRIAL TOWER WEST,1289943,Chris Bolton 308-370-1857  chris.bolton@viaero.com,"SELF-SUPPORT (150' 7"")",COMPOUND,NIOBRARA VALLEY,146464609,VIAERO,Chris Bolton,112,186,254,96,222,78,82,30,80,NA,NA,Cody Waite,8/19/2025,9:00:00 AM,10:00:00 AM,Alley access,1225 / KEYED,X,X,X,10/19/2025,COMPLETE
90,NE-MAXWELL_SOUTH,802 S Pine St.,Maxwell,NE,69151,LINCOLN,41.070974,-100.525426,Site 90 P2-8,Phase 5,INDUSTRIAL TOWER WEST,1299479,Barry Brumbaugh  308-464-1000  Barry.brumbaugh@viaero.com,"SELF SUPPORT (195' 4"")",COMPOUND,Dawson PUBLIC POWER,152476642,VIAERO,Chris Bolton,88,239,226,95,209,38,30,30,78,NA,NA,Jamey Lott,9/22/2025,3:47:00 PM,5:05:00 PM,None,1031 / KEYED,X,X,X,10/5/2025,COMPLETE
219,NE-NP_NPPD,402 E Sate Farm Rd,North Platte,NE,69101,LINCOLN,41.085,-100.7581,Site 219 P2-8,Phase 5,INDUSTRIAL TOWER WEST,1235616,Barry Brumbaugh  308-464-1000  Barry.brumbaugh@viaero.com,SELF SUPPORT,COMPOUND,UNKNOWN,UNKNOWN,NPPD,NPPD,108,24,12,27,27,64,144,30,NA,NA,NA,Jamey Lott,9/24/2025,10:34:00 AM,11:12:00 AM,None,0317 / KEYED,X,X,X,10/5/2025,COMPLETE
220,NE-NP_LAKEVIEW,4000 West Front St,North Platte,NE,69101,LINCOLN,41.1415917,-100.810336,Site 220 P2-8,Phase 5,INDUSTRIAL TOWER WEST,1235610,Barry Brumbaugh  308-464-1000  Barry.brumbaugh@viaero.com,MONOPOLE (150'),COMPOUND,MUNICIPAL L&P,61464250,VIAERO,Chris Bolton,113,24,36,25,25,74,14,24,50,NA,NA,Jamey Lott,9/24/2025,2:22:00 PM,3:35:00 PM,None,0317 / KEYED,X,X,X,10/5/2025,COMPLETE
223,NE-SUTHERLAND,30723 W. Tower Road,Sutherland,NE,69165,LINCOLN,41.12805,-101.1313,Site 223 P2-8,Phase 5,INDUSTRIAL TOWER WEST,1030327,Barry Brumbaugh  308-464-1000  Barry.brumbaugh@viaero.com,SELF SUPPORT,COMPOUND,NEBRASKA PUBLIC POWER,154327066,VIAERO,Chris Bolton,590,72,108,57,111,63,271,57,156,NA,NA,Jamey Lott,9/25/2025,12:55:00 PM,2:20:00 PM,None,0317 / KEYED,X,X,X,10/5/2025,COMPLETE
224,NE-MAXWELL,383 South North Maxwell Rd,Maxwell,NE,69151,LINCOLN,41.13084,-100.52044,Site 224 P2-8,Phase 5,INDUSTRIAL TOWER WEST,1311828,Barry Brumbaugh  308-464-1000  Barry.brumbaugh@viaero.com,"SELF SUPPORT (155' 8"")",COMPOUND,DAWSON PUBLIC POWER,126967149,VIAERO,Chris Bolton,473,160,226,80,222,178,30,108,228,NA,NA,Jamey Lott,9/23/2025,7:57:00 AM,9:49:00 AM,None,0317 / KEYED,X,X,X,10/3/2025,COMPLETE
241,NE-BRADY,601 North Main Street,Brady,NE,69123,LINCOLN,41.02303,-100.35763,Site 241 P2-8,Phase 5,INDUSTRIAL TOWER WEST,1243748,Barry Brumbaugh  308-464-1000  Barry.brumbaugh@viaero.com,GUYED TOWER (180'),COMPOUND,DAWSON PUBLIC POWER,121276965,VIAERO,Chris Bolton,107,208,163,93,172,85,24,83,96,NA,NA,Jamey Lott,9/22/2025,2:21:00 PM,4:07:00 PM,None,0317 / KEYED,X,X,X,10/3/2025,COMPLETE
243,NE-NP_HOSP,601 West Leota,North Platte,NE,69103,CITY OF NORTH PLATTE,41.12217,-100.77009,Site 243 P2-8,Phase 5,INDUSTRIAL TOWER WEST,UNKNOWN,Barry Brumbaugh  308-464-1000  Barry.brumbaugh@viaero.com,"ROOFTOP (40' 8"")",ROOFTOP,UNKNOWN,UNKNOWN,VIAERO,Chris Bolton,360,83,76,496,496,132,NA,133,NA,NA,NA,Jamey Lott,9/24/2025,8:56:00 AM,10:18:00 AM,Need Special access-tech,NA,X,X,X,10/5/2025,COMPLETE
249,NE-NP_SE,1210 Prospect Drive,North Platte,NE,69101,LINCOLN,41.12289,-100.73524,Site 249 P2-8,Phase 5,INDUSTRIAL TOWER WEST,1250486,Barry Brumbaugh  308-464-1000  Barry.brumbaugh@viaero.com,SELF SUPPORT,COMPOUND,MUNICIPAL L&P,336278148,VIAERO,Chris Bolton,69,160,247,87,206,30,29,29,125,NA,NA,Jamey Lott,9/25/2025,11:09:00 AM,12:19:00 PM,None,0317 / KEYED,X,X,X,10/5/2025,COMPLETE
335,NE-HERSHEY,18653 W. Murray Road,Hershey,NE,69143,LINCOLN,41.15617,-100.98671,Site 335 P2-8,Phase 5,INDUSTRIAL TOWER WEST,UNKNOWN,Barry Brumbaugh  308-464-1000  Barry.brumbaugh@viaero.com,"SELF SUPPORT (150' 6"")",COMPOUND,DAWSON PUBLIC POWER,126959483,VIAERO,Chris Bolton,62,140,175,124,79,129,284,120,65,NA,NA,Jamey Lott,9/23/2025,11:27:00 AM,12:28:00 PM,None,0317 / KEYED,X,X,X,10/3/2025,COMPLETE
458,NE-NP_NORTH,18172 Llama Road,Stapleton,NE,69163,LINCOLN,41.29494,-100.64269,Site 458 P2-8,Phase 5,INDUSTRIAL TOWER WEST,1264610,Barry Brumbaugh  308-464-1000  Barry.brumbaugh@viaero.com,GUYED TOWER,COMPOUND,CUSTER PUBLIC ELECTRIC,337956456,VIAERO,Chris Bolton,98,225,283,142,144,137,38,131,68,NA,NA,Jamey Lott,9/25/2025,8:04:00 AM,9:26:00 AM,None,0317 / KEYED,X,X,X,10/5/2025,COMPLETE
698,NE-NP_NW,806 N. Carr Avenue,North Platte,NE,69101,LINCOLN,41.14557,-100.78494,Site 698 P2-8,Phase 5,INDUSTRIAL TOWER WEST,1307736,Barry Brumbaugh  308-464-1000  Barry.brumbaugh@viaero.com,MONOPOLE (100'),COMPOUND,MUNICIPAL L&P,333002273,VIAERO,Chris Bolton,82,167,266,111,239,90,38,82,88,NA,NA,Jamey Lott,9/24/2025,11:43:00 AM,12:47:00 PM,None,0317 / KEYED,X,X,X,10/5/2025,COMPLETE
722,NE-NP_NLD,2616 N. Buffalo Bill Ave,North Platte,NE,69101,LINCOLN,41.16183,-100.79333,Site 722 P2-8,Phase 5,INDUSTRIAL TOWER WEST,1314056,Barry Brumbaugh  308-464-1000  Barry.brumbaugh@viaero.com,MONOPOLE (100'),COMPOUND,MUNICIPAL L&P,334020931,VIAERO,Chris Bolton,82,163,274,161,185,171,38,158,102,NA,NA,Jamey Lott,9/24/2025,1:02:00 PM,2:03:00 PM,None,0317 / KEYED,X,X,X,10/5/2025,COMPLETE
811,NE-NP_HS,1220 W. A Street,North Platte,NE,69101,LINCOLN,41.13321,-100.7784,Site 811 P2-8,Phase 5,INDUSTRIAL TOWER WEST,UNKNOWN,Barry Brumbaugh  308-464-1000  Barry.brumbaugh@viaero.com,SELF-SUPPORT (180'),COMPOUND,MUNICIPAL L&P,334021008,VIAERO,Chris Bolton,79,81,163,143,201,199,48,189,NA,NA,NA,Jamey Lott,10/7/2025,3:47:00 PM,4:51:00 PM,Across the street from HS,51031 / KEYED,X,X,X,10/15/2025,COMPLETE
887,NE-NP_NE,1606 E. 5th Street,North Platte,NE,69101,LINCOLN,41.13471,-100.74404,Site 887 P2-8,Phase 5,INDUSTRIAL TOWER WEST,UNKNOWN,Barry Brumbaugh  308-464-1000  Barry.brumbaugh@viaero.com,MONOPOLE (100'),COMPOUND,UNKNOWN,63882637,VIAERO,Chris Bolton,80,249,239,95,215,41,43,29,60,NA,NA,Jamey Lott,9/25/2025,9:58:00 AM,10:57:00 AM,None,0317 / KEYED,X,X,X,10/5/2025,COMPLETE
54,NE-SUMNER,604 W. 6th Ave,Sumner,NE,68878,DAWSON,40.95059,-99.50903,Site 54 P2-10,Phase 6,INDUSTRIAL TOWER WEST,1297276,Chris Bolton 308-370-1857  chris.bolton@viaero.com,SELF-SUPPORT (120'),COMPOUND,DAWSON PUBLIC POWER,121273852,VIAERO,Chris Bolton,79,247,343,132,181,187,35,123,92,NA,NA,Jamey Lott,10/1/2025,8:58:00 AM,10:05:00 AM,NONE,1225 / KEYED,X,X,X,10/6/2025,COMPLETE
168,NE-LEXINGTON_TG,43518 County Road 758,Lexington,NE,68850,DAWSON,40.81502,-99.7087,Site 168 P2-10,Phase 6,INDUSTRIAL TOWER WEST,UNKNOWN,Chris Bolton 308-370-1857  chris.bolton@viaero.com,GUYED TOWER (180'),COMPOUND,DAWSON PUBLIC POWER,126865114,VIAERO,Chris Bolton,104,190,256,142,223,156,NA,101,84,NA,NA,Jamey Lott,9/30/2025,12:06:00 PM,1:14:00 PM,NONE,1225 / KEYED,X,X,X,10/6/2025,COMPLETE
216,NE-LEXINGTON,707 E. Walnut,Lexington,NE,68850,DAWSON,40.7725,-99.73206,Site 216 P2-10,Phase 6,INDUSTRIAL TOWER WEST,1224129,Chris Bolton 308-370-1857  chris.bolton@viaero.com,SELF-SUPPORT (80'),COMPOUND,CITY OF LEXINGTON,20003255,VIAERO,Chris Bolton,94,180,139,117,174,93,46,84,115,NA,NA,Jamey Lott,9/30/2025,2:44:00 PM,3:47:00 PM,NONE,1225 / KEYED,X,X,X,10/6/2025,COMPLETE
324,NE-MILLER,25780 Arrow Road,Miller,NE,68858,BUFFALO,40.92458,-99.4074,Site 324 P2-10,Phase 6,INDUSTRIAL TOWER WEST,1279120,Chris Bolton 308-370-1857  chris.bolton@viaero.com,"SELF SUPPORT (195' 4"")",COMPOUND,DAWSON PUBLIC POWER,126963968,VIAERO,Chris Bolton,83,252,241,94,211,102,28,32,33,NA,NA,Jamey Lott,10/1/2025,10:28:00 AM,11:31:00 AM,NONE,1225 / KEYED,X,X,X,10/6/2025,COMPLETE
470,NE-OVERTON,100 Clinic Drive,Overton,NE,68863,DAWSON,40.74067,-99.54869,Site 470 P2-10,Phase 6,INDUSTRIAL TOWER WEST,1261793,Chris Bolton 308-370-1857  chris.bolton@viaero.com,"SELF SUPPORT (195' 4"")",COMPOUND,DAWSON PUBLIC POWER,201681393,VIAERO,Chris Bolton,75,148,215,144,146,144,33,146,33,NA,NA,Jamey Lott,9/21/2025,8:52:00 AM,10:25:00 AM,NONE,1225 / KEYED,X,X,X,10/6/2025,COMPLETE
472,NE-LEXINGTON_NORTH,203 East 20th,Lexington,NE,68850,DAWSON,40.793941,-99.739934,Site 472 P2-10,Phase 6,INDUSTRIAL TOWER WEST,1266186,Chris Bolton 308-370-1857  chris.bolton@viaero.com,SELF-SUPPORT (80'),COMPOUND,CITY OF LEXINGTON,20000227,VIAERO,Chris Bolton,91,75,104,86,141,78,38,83,62,NA,NA,Jamey Lott,9/30/2025,10:36:00 AM,11:48:00 AM,NONE,1225 / KEYED,X,X,X,10/6/2025,COMPLETE
481,NE-LEXINGTON_WEST,708 West Vine,Lexington,NE,68850,DAWSON,40.77569,-99.75142,Site 481 P2-10,Phase 6,INDUSTRIAL TOWER WEST,1276346,Chris Bolton 308-370-1857  chris.bolton@viaero.com,"SELF-SUPPORT (65' 9"")",COMPOUND,DAWSON PUBLIC POWER,20002681,VIAERO,Chris Bolton,114,178,154,152,126,227,25,217,193,NA,NA,Jamey Lott,9/30/2025,1:35:00 PM,2:25:00 PM,NONE,1225 / KEYED,X,X,X,10/6/2025,COMPLETE
562,NE-GOTHENBURG_WEST,1715 4th Ave,Gothenburg,NE,69138,DAWSON,40.93533,-100.17309,Site 582 P2-10,Phase 6,INDUSTRIAL TOWER WEST,1289104,Chris Bolton 308-370-1857  chris.bolton@viaero.com,SELF-SUPPORT (140'),COMPOUND,DAWSON PUBLIC POWER,71860425,VIAERO,Chris Bolton,85,163,231,93,282,29,NA,32,125,NA,NA,Jamey Lott,9/30/2025,8:23:00 AM,9:38:00 AM,NONE,1225 / KEYED,X,X,X,10/3/2025,COMPLETE
3,NE-ELI,34924 US Hwy 20,Eli,NE,69211,CHERRY,42.91858,-101.46889,Site ID 712 P3-22,Phase 7,INDUSTRIAL TOWER WEST,1256826,Chris Bolton 308-370-1857  chris.bolton@viaero.com,GUYED TOWER (330'),COMPOUND,LACREEK ELECTRIC,12-1950,VIAERO,Chris Bolton,78,260,158,85,200,60,54,60,84,NA,4,Brian King,10/30/2025,11:02:00 AM,11:44:00 AM,NONE,1031/KEYED,X,X,X,11/11/2025,COMPLETE
72,NE-VALENTINE_SOUTHEAST,40421 US HWY 20,Wood Lake,NE,69221,CHERRY,42.73186,-100.37292,Site ID 72 P3-22,Phase 7,INDUSTRIAL TOWER WEST,1298709,Chris Bolton 308-370-1857  chris.bolton@viaero.com,"SELF-SUPPORT (195' 4"")",COMPOUND,KBR/RPPD,14978,VIAERO,Chris Bolton,81,257,258,93,212,45,45,31,77,NA,NA,Jamey Lott,10/31/2025,11:17:00 AM,12:48:00 PM,NONE,1225/KEYED,X,X,X,11/6/2025,COMPLETE
310,NE-LOUP_RIVER_NORTH,86873 Canvasback Road,Valentine,NE,69201,CHERRY,42.41924,-100.55229,Site ID 310 P3-22,Phase 7,INDUSTRIAL TOWER WEST,1280038,Chris Bolton 308-370-1857  chris.bolton@viaero.com,"SELF-SUPPORT (195' 4"")",COMPOUND,RBR RPPD,10773,VIAERO,Chris Bolton,84,161,212,90,210,43,116,30,84,NA,NA,Jamey Lott,10/30/2025,3:56:00 PM,5:05:00 PM,NONE,1031/KEYED,X,X,X,11/3/2025,COMPLETE
317,NE-WOOD_LAKE,208 Lincoln Street,Wood Lake,NE,69221,CHERRY,42.63760505,-100.2386727,Site ID 317 P3-22,Phase 7,INDUSTRIAL TOWER WEST,1274745,Chris Bolton 308-370-1857  chris.bolton@viaero.com,"SELF-SUPPORT (195' 4"")",COMPOUND,KBR/RPPD,19313,VIAERO,Chris Bolton,84,140,254,93,212,46,44,30,61,NA,NA,Jamey Lott,10/31/2025,1:08:00 PM,2:12:00 PM,NONE,1225/KEYED,X,X,X,11/11/2025,COMPLETE
415,NE-CODY,34688 US Hwy 20,Cody,NE,69211,CHERRY,42.92918,-101.16331,Site ID 415 P3-22,Phase 7,INDUSTRIAL TOWER WEST,1256824,Chris Bolton 308-370-1857  chris.bolton@viaero.com,GUYED TOWER (330'),COMPOUND,KBR RPPD,13072,VIAERO,Chris Bolton,79,252,170,79,210,76,36,24,72,NA,4,Brian King,10/30/2025,9:51:00 AM,10:44:00 AM,NONE,1031/KEYED,X,X,X,11/11/2025,COMPLETE
479,NE-LOUP_RIVER,85575 US Hwy 83,Brownlee,NE,69166,CHERRY,42.227806,-100.535622,Site ID 479 P3-22,Phase 7,INDUSTRIAL TOWER WEST,1273142,Chris Bolton 308-370-1857  chris.bolton@viaero.com,"SELF-SUPPORT (195' 4"")",COMPOUND,CUSTER PUBLIC POWER,335043948,VIAERO,Chris Bolton,92,160,233,92,230,44,48,30,36,NA,NA,Jamey Lott,10/30/2025,2:17:00 PM,3:26:00 PM,NONE,1031/KEYED,X,X,X,11/3/2025,COMPLETE
573,NE-VALENTINE_SW,89573 State Hwy 97,Valentine,NE,69201,CHERRY,42.81117,-100.64562,Site ID 573 P3-22,Phase 7,INDUSTRIAL TOWER WEST,1312718,Chris Bolton 308-370-1857  chris.bolton@viaero.com,"SELF-SUPPORT (195' 4"")",COMPOUND,KBR/RPPD,13534,VIAERO,Chris Bolton,85,163,257,93,212,68,47,31,62,NA,NA,Jamey Lott,10/30/2025,9:00:00 AM,10:26:00 AM,NONE,NA,X,X,X,11/11/2025,COMPLETE
605,NE-STEVERSON - 1,86082 N. Whitman Road,Hyannis,NE,69350,CHERRY,42.30725,-101.66769,Site ID 605 P3-22,Phase 7,INDUSTRIAL TOWER WEST,1222428,Chris Bolton 308-370-1857  chris.bolton@viaero.com,GUYED TOWER (330'),COMPOUND,Prema,P10054,VIAERO,Chris Bolton,108,156,252,186,168,n/a,n/a,24,84,n/a,4,Brian King,10/29/2025,1:37:00 PM,3:09:00 PM,NONE,1031/KEYED,X,X,X,11/3/2025,COMPLETE
605,NE-STEVERSON - 2,86082 N. Whitman Road,Hyannis,NE,69350,CHERRY,42.30725,-101.66769,Site ID 605 P3-22,Phase 7,INDUSTRIAL TOWER WEST,1222428,Chris Bolton 308-370-1857  chris.bolton@viaero.com,GUYED TOWER (330'),COMPOUND,Prema,P10054,VIAERO,Chris Bolton,56,90,84,110,84,136,132,136,14,n/a,4,Brian King,10/29/2025,1:37:00 PM,3:09:00 PM,NONE,1031/KEYED,X,X,X,11/3/2025,COMPLETE
606,NE-MERRITT_RESERVOIR,37888 Mercure Road,Valentine,NE,69201,CHERRY,42.5807222,-100.87225,Site ID 606 P3-22,Phase 7,INDUSTRIAL TOWER WEST,TBD,Chris Bolton 308-370-1857  chris.bolton@viaero.com,GUYED TOWER (330'),COMPOUND,KBR RPPD,12838,VIAERO,Chris Bolton,24,24,10,30,60,NA,NA,28,32,NA,4,Brian King,12/11/2025,12:04:00 PM,12:21:00 PM,4WD REQUIRED,ESCORT,,,,,
705,NE-GORDON,89596 Rager Rd,Gordon,NE,69343,CHERRY,42.81333,-102.06698,Site ID 705 P3-22,Phase 7,INDUSTRIAL TOWER WEST,1256159,Chris Bolton 308-370-1857  chris.bolton@viaero.com,GUYED TOWER (330'),COMPOUND,NEBRASKA PUBLIC POWER DISTRICT,154345810,VIAERO,Chris Bolton,80,130,130,110,215,40,48,40,96,NA,4,Brian King,10/30/2025,2:30:00 PM,3:14:00 PM,NONE,1031/KEYED,X,X,X,11/11/2025,COMPLETE
706,NE-CROOKSTON_SOUTH,38399 S. Crookston Rd,Crookston,NE,69212,CHERRY,42.8942,-100.78813,Site ID 706 P3-22,Phase 7,INDUSTRIAL TOWER WEST,1260065,Chris Bolton 308-370-1857  chris.bolton@viaero.com,GUYED TOWER (330'),COMPOUND,CHERRY - TODD ELECTRIC,18161529,VIAERO,Chris Bolton,74,223,171,145,143,157,28,136,84,NA,NA,Jamey Lott,10/29/2025,12:51:00 PM,1:31:00 PM,3' WASHOUT IN DRIVEWAY,1225/KEYED,X,X,X,11/3/2025,COMPLETE
711,NE-MERRIMAN,33211 Wiley Drive,Merriman,NE,69218,CHERRY,42.91473,-101.80858,Site ID 711 P3-22,Phase 7,INDUSTRIAL TOWER WEST,1256440,Chris Bolton 308-370-1857  chris.bolton@viaero.com,GUYED TOWER (330'),COMPOUND,NEBRASKA PUBLIC POWER DISTRICT,154341537,VIAERO,Chris Bolton,101,164,165,90,155,80,12,80,84,NA,4,Brian King,10/30/2025,5:14:00 PM,6:35:00 PM,NONE,1031/KEYED,X,X,X,11/11/2025,COMPLETE
714,NE-VALENTINE,238 North Main Street,Valentine,NE,69201,CHERRY,42.87389,-100.54972,Site ID 714 P3-22,Phase 7,INDUSTRIAL TOWER WEST,1265544,Chris Bolton 308-370-1857  chris.bolton@viaero.com,MONOPOLE (150'),COMPOUND,CITY OF VALENTINE,20300009,VIAERO,Chris Bolton,NA,150,238,196,66,239,155,187,288,NA,NA,Jamey Lott,10/29/2025,5:07:00 PM,6:06:00 PM,NONE,1225/KEYED,X,X,X,11/5/2025,COMPLETE
747,NE-VALENTINE_SOUTH,88576 Hwy 83,Valentine,NE,69201,CHERRY,42.66304,-100.5347,Site ID 747 P3-22,Phase 7,INDUSTRIAL TOWER WEST,1280037,Chris Bolton 308-370-1857  chris.bolton@viaero.com,"SELF-SUPPORT (195' 4"")",COMPOUND,RBR RPPD,10975,VIAERO,Chris Bolton,NA,NA,257,92,NA,45,73,29,68,NA,NA,Jamey Lott,10/31/2025,9:26:00 AM,10:42:00 AM,NONE,1225/KEYED,X,X,X,11/5/2025,COMPLETE
757,NE-MERRIMAN_DT,90282 State Highway 61,Merriman,NE,69218,CHERRY,42.91358,-101.70019,Site ID 757 P3-22,Phase 7,INDUSTRIAL TOWER WEST,1282604,Chris Bolton 308-370-1857  chris.bolton@viaero.com,"SELF-SUPPORT (120'-0"")",COMPOUND,NEBRASKA PUBLIC POWER DISTRICT,154347895,VIAERO,Chris Bolton,91,174,214,56,230,50,60,20,36,NA,4,Brian King,10/30/2025,1:27:00 PM,2:14:00 PM,NONE,1031/KEYED,X,X,X,11/11/2025,COMPLETE
761,NE-ROTHWELL,16061 N. Hwy 61,Hyannis,NE,69350,CHERRY,42.15549,-101.71577,Site ID 761 P3-22,Phase 7,INDUSTRIAL TOWER WEST,1283022,Chris Bolton 308-370-1857  chris.bolton@viaero.com,GUYED TOWER (330'),COMPOUND,Prema,P12954,VIAERO,Chris Bolton,120,160,104,94,254,46,140,16,80,n/a,4,Brian King,10/29/2025,11:28:00 AM,1:37:00 PM,NONE,1031/KEYED,X,X,X,11/3/2025,COMPLETE
766,NE-VALENTINE_NE,40249 State Highway 12,Valentine,NE,69201,CHERRY,42.94174,-100.42606,Site ID 766 P3-22,Phase 7,INDUSTRIAL TOWER WEST,1284308,Chris Bolton 308-370-1857  chris.bolton@viaero.com,"SELF-SUPPORT (195' 4"")",COMPOUND,CHERRY - TODD ELECTRIC,55115298,VIAERO,Chris Bolton,114,196,234,119,177,67,49,52,83,NA,NA,Jamey Lott,10/29/2025,3:27:00 PM,4:46:00 PM,NONE,1225/KEYED,X,X,X,11/5/2025,COMPLETE
768,NE-MINOR_CAMP,87612 State Highway 61,Gordon,NE,69343,CHERRY,42.6187,-101.69477,Site ID 768 P3-22,Phase 7,INDUSTRIAL TOWER WEST,1313962,Chris Bolton 308-370-1857  chris.bolton@viaero.com,GUYED TOWER (195'),COMPOUND,LACREEK ELECTRIC,13-0025,VIAERO,Chris Bolton,84,145,250,96,230,36,48,24,36,N/A,4,Brian King,10/29/2025,4:54:00 PM,5:39:00 PM,NONE,1031/KEYED,X,X,X,11/3/2025,COMPLETE
919,NE-JAMES_VALLEY,87401 State Highway 61,Gordon,NE,69343,CHERRY,42.50081,-101.71028,Site ID 919 P3-22,Phase 7,INDUSTRIAL TOWER WEST,1284310,Chris Bolton 308-370-1857  chris.bolton@viaero.com,GUYED TOWER (330'),COMPOUND,Prema,P10126,VIAERO,Chris Bolton,84,168,224,79,240,44,84,24,84,NA,4,Brian King,10/29/2025,3:43:00 PM,4:38:00 PM,NONE,1031/KEYED,X,X,X,11/3/2025,COMPLETE
940,NE-MERRIMAN_SOUTH,33766 Rockford Rd,Merriman,NE,69218,CHERRY,42.79108,-101.69788,Site ID 940 P3-22,Phase 7,INDUSTRIAL TOWER WEST,1296121,Chris Bolton 308-370-1857  chris.bolton@viaero.com,"SELF-SUPPORT (120'-0"")",COMPOUND,NEBRASKA PUBLIC POWER DISTRICT,75089733,VIAERO,Chris Bolton,84,275,327,82,244,50,80,50,36,NA,4,Brian King,10/30/2025,3:58:00 PM,4:34:00 PM,NONE,1031/KEYED,X,X,X,12/7/2025,COMPLETE
980,NE-MULLEN_NORTH,85572 North Hwy #97,Mullen,NE,69152,CHERRY,42.22885,-101.04502,Site ID 980 P3-22,Phase 7,INDUSTRIAL TOWER WEST,1287890,Chris Bolton 308-370-1857  chris.bolton@viaero.com,GUYED TOWER (330'),COMPOUND,CUSTER PUBLIC POWER,335043765,VIAERO,Chris Bolton,78,158,219,91,216,45,72,30,40,NA,NA,Jamey Lott,10/30/2025,10:36:00 AM,11:58:00 AM,NONE,1031/KEYED,X,X,X,11/3/2025,COMPLETE
97,NE-HAY_SPRINGS_DT,114 North Main Street,Hay Springs,NE,69347,SHERIDAN,42.68315063,-102.6901552,Site ID 97 P3-23,Phase 8,INDUSTRIAL TOWER WEST,1299331,Chris Bolton 308-370-1857  chris.bolton@viaero.com,GUYED TOWER (330'),COMPOUND,NEBRASKA PUBLIC POWER DISTRICT,154344129,VIAERO,Chris Bolton,2,36,30,40,24,12,12,24,NA,NA,1,Brian King,11/11/2025,11:51:00 AM,12:26:00 PM,NONE,1031/KEYED,X,X,X,12/7/2025,COMPLETE
175,NE-WHITECLAY_SOUTH,7298 370th Trail,Rushville,NE,69360,SHERIDAN,42.90248,-102.55887,Site ID 175 P3-23,Phase 8,INDUSTRIAL TOWER WEST,1308632,Chris Bolton 308-370-1857  chris.bolton@viaero.com,GUYED TOWER (330'),COMPOUND,NEBRASKA PUBLIC POWER DISTRICT,158710788,VIAERO,Chris Bolton,94,192,272,88,280,44,60,44,35,NA,4,Brian King,11/11/2025,3:41:00 AM,9:29:00 AM,Lock Stuck,1031/KEYED,X,X,X,12/7/2025,COMPLETE
578,NE-ELLSWORTH_NORTH,2673 State Highway 27,Ellsworth,NE,69340,SHERIDAN,42.22889,-102.24247,Site ID 578 P3-23,Phase 8,INDUSTRIAL TOWER WEST,1316774,Chris Bolton 308-370-1857  chris.bolton@viaero.com,GUYED TOWER (180'),COMPOUND,Prema,114839349,VIAERO,Chris Bolton,57,110,75,60,180,75,52,75,100,NA,4,Brian King,11/13/2025,11:59:00 AM,12:28:00 PM,NONE,1031/KEYED,X,X,X,12/7/2025,COMPLETE
680,NE-HAY_SPRINGS,5466 State Highway 87,Hay Springs,NE,69347,SHERIDAN,42.65131,-102.69281,Site ID 680 P3-23,Phase 8,INDUSTRIAL TOWER WEST,1248758,Chris Bolton 308-370-1857  chris.bolton@viaero.com,GUYED TOWER (194'),COMPOUND,NRPPD,119669185,VIAERO,Chris Bolton,64,208,215,60,207,66,60,66,24,NA,4,Brian King,11/11/2025,10:30:00 AM,11:15:00 AM,NONE,1031/KEYED,X,X,X,12/7/2025,COMPLETE
689,NE-JACKELL,4101 State Hwy 87,Hay Springs,NE,69347,SHERIDAN,42.45422,-102.69564,Site ID 689 P3-23,Phase 8,INDUSTRIAL TOWER WEST,1248289,Chris Bolton 308-370-1857  chris.bolton@viaero.com,GUYED TOWER (195'),COMPOUND,NRPPD,119668933,VIAERO,Chris Bolton,90,142,142,80,222,83,29,80,47,NA,4,Brian King,11/11/2025,9:01:00 AM,10:06:00 AM,NONE,1031/KEYED,X,X,X,12/7/2025,COMPLETE
702,NE-BINGHAM,1505 109th Trl,Bingham,NE,69335,SHERIDAN,42.02386,-102.09681,Site ID 702 P3-23,Phase 8,INDUSTRIAL TOWER WEST,1259342,Chris Bolton 308-370-1857  chris.bolton@viaero.com,GUYED TOWER (195'),COMPOUND,TBD,TBD,VIAERO,Chris Bolton,65,110,115,60,175,76,90,88,60,NA,4,Brian King,11/13/2025,2:24:00 PM,3:05:00 PM,NONE,1031/KEYED,X,X,X,12/7/2025,COMPLETE
707,NE-RUSHVILLE_DT,111 Emmert,Rushville,NE,69360,SHERIDAN,42.71851,-102.46556,Site ID 707 P3-23,Phase 8,INDUSTRIAL TOWER WEST,1282615,Chris Bolton 308-370-1857  chris.bolton@viaero.com,SELF-SUPPORT (170-7''),COMPOUND,NEBRASKA PUBLIC POWER DISTRICT,154344873,VIAERO,Chris Bolton,90,170,245,60,214,37,52,37,75,NA,4,Brian King,11/12/2025,8:42:00 AM,9:28:00 AM,NONE,1031/KEYED,X,X,X,12/7/2025,COMPLETE
710,NE-ELLSWORTH,2668 State Highway 2,Ellsworth,NE,69340,SHERIDAN,42.06517,-102.30342,Site ID 710 P3-23,Phase 8,INDUSTRIAL TOWER WEST,1254939,Chris Bolton 308-370-1857  chris.bolton@viaero.com,GUYED TOWER (195'),COMPOUND,Prema,114839427,VIAERO,Chris Bolton,78,160,172,68,228,60,56,68,82,NA,4,Brian King,11/13/2025,1:02:00 PM,1:48:00 PM,NONE,1031/KEYED,X,X,X,12/7/2025,COMPLETE
713,NE-CLINTON,6122 280th LN,Gordon,NE,69343,SHERIDAN,42.74711944,-102.3604194,Site ID 713 P3-23,Phase 8,INDUSTRIAL TOWER WEST,1256103,Chris Bolton 308-370-1857  chris.bolton@viaero.com,GUYED TOWER (330'),COMPOUND,NRPPD,119668197,VIAERO,Chris Bolton,72,156,144,110,168,108,60,60,48,NA,4,Brian King,11/12/2025,9:52:00 AM,10:37:00 AM,NONE,1031/KEYED,X,X,X,12/7/2025,COMPLETE
746,NE-GORDON_DT,400 East Orin,Gordon,NE,69343,SHERIDAN,42.80361,-102.19864,Site ID 746 P3-23,Phase 8,INDUSTRIAL TOWER WEST,1275757,Chris Bolton 308-370-1857  chris.bolton@viaero.com,SELF-SUPPORT (140'),COMPOUND,NEBRASKA PUBLIC POWER DISTRICT,154347266,VIAERO,Chris Bolton,72,215,263,85,298,80,64,30,45,NA,4,Brian King,11/12/2025,12:41:00 PM,1:13:00 PM,NONE,1031/KEYED,X,X,X,12/9/2025,COMPLETE
758,NE-GORDON_NORTH,7685 Hwy 27,Gordon,NE,69343,SHERIDAN,42.92264,-102.22276,Site ID 758 P3-23,Phase 8,INDUSTRIAL TOWER WEST,1282575,Chris Bolton 308-370-1857  chris.bolton@viaero.com,GUYED TOWER (330'),COMPOUND,NRPPD,119667392,VIAERO,Chris Bolton,90,163,50,80,243,36,60,36,80,NA,4,Brian King,11/12/2025,11:34:00 AM,12:15:00 PM,NONE,1031/KEYED,X,X,X,12/7/2025,COMPLETE
793,NE-RUSHVILLE_NORTH,7007 325 Trail,Rushville,NE,69360,SHERIDAN,42.87104,-102.45486,Site ID 793 P3-23,Phase 8,INDUSTRIAL TOWER WEST,1312636,Chris Bolton 308-370-1857  chris.bolton@viaero.com,GUYED TOWER (195'),COMPOUND,NRPPD,119668562 / 119667091,VIAERO,Chris Bolton,84,168,230,72,218,46,82,46,48,NA,4,Brian King,11/11/2025,4:33:00 PM,5:01:00 PM,NONE,1031/KEYED,X,X,X,12/7/2025,COMPLETE
950,NE-GORDON_SOUTH,5268 Hwy 27,Gordon,NE,69343,SHERIDAN,42.5906,-102.20305,Site ID 950 P3-23,Phase 8,INDUSTRIAL TOWER WEST,1312631,Chris Bolton 308-370-1857  chris.bolton@viaero.com,GUYED TOWER (330'),COMPOUND,NRPPD,119667350,VIAERO,Chris Bolton,90,90,68,55,156,186,62,31,60,NA,4,Brian King,11/13/2025,10:50:00 AM,11:25:00 AM,NONE,1031/KEYED,X,X,X,12/7/2025,COMPLETE
377-1,NE-HAY_SPRINGS_GP - Shelter 1,6084 450th Lane,Hay Springs,NE,69347,Sheridan,42.73944,-102.69131,Site ID 377 P3-23,Phase 8,INDUSTRIAL TOWER WEST,1247094,Chris Bolton 308-370-1857  chris.bolton@viaero.com,GUYED TOWER (180'),COMPOUND,NRPPD,119668878,VIAERO,Chris Bolton,82,215,265,150,186,134,54,121,36,NA,5,Brian King,11/11/2025,1:20:00 PM,2:14:00 PM,NONE,1031/KEYED,X,X,X,12/9/2025,COMPLETE
377-2,NE-HAY_SPRINGS_GP - Shelter 2,6084 450th Lane,Hay Springs,NE,69347,Sheridan,42.73944,-102.69131,Site ID 377 P3-23,Phase 8,INDUSTRIAL TOWER WEST,1247094,Chris Bolton 308-370-1857  chris.bolton@viaero.com,GUYED TOWER (180'),COMPOUND,NRPPD,1439,VIAERO,Chris Bolton,300,70,216,294,324,372,72,324,40,NA,5,Brian King,11/11/2025,1:20:00 PM,2:14:00 PM,NONE,1031/KEYED,X,X,X,12/9/2025,COMPLETE
379-1,NE-GORDON_GP - Shelter 1,6199 190th Lane,Gordon,NE,69343,Sheridan,42.76947,-102.20322,Site ID 379 P3-23,Phase 8,INDUSTRIAL TOWER WEST,1246808,Chris Bolton 308-370-1857  chris.bolton@viaero.com,GUYED TOWER (180'),COMPOUND,NRPPD,119668131,VIAERO,Chris Bolton,100,63,75,220,190,220,64,220,107,NA,4.5,Brian King,11/12/2025,1:39:00 PM,2:30:00 PM,NONE,1031/KEYED,X,X,X,12/9/2025,COMPLETE
379-2,NE-GORDON_GP - Shelter 2,6199 190th Lane,Gordon,NE,69343,Sheridan,42.76947,-102.20322,Site ID 379 P3-23,Phase 8,INDUSTRIAL TOWER WEST,1246808,Chris Bolton 308-370-1857  chris.bolton@viaero.com,GUYED TOWER (180'),COMPOUND,NRPPD,119668131,VIAERO,Chris Bolton,55,150,200,200,195,NA,NA,172,75,NA,4.5,Brian King,11/12/2025,1:39:00 PM,2:30:00 PM,NONE,1031/KEYED,X,X,X,12/9/2025,COMPLETE
28,NE-GI_NW,2923 N. North Road,Grand Island,NE,68803,HALL,40.95375,-98.39707,Site ID 28 P2,Phase 9,INDUSTRIAL TOWER WEST,1312429,Chris Bolton 308-370-1857  chris.bolton@viaero.com,SELF-SUPPORT (100'),COMPOUND,City of Grand Island,159288455,VIAERO,Chris Bolton,84,186,252,88,274,64,142,231,120,NA,4,Brian King,12/9/2025,9:29:00 AM,9:53:00 AM,NONE,ESCORT,,,,,
78,NE-SPRINGVIEW_COURTHOUSE,310 Courthouse Drive,Springview,NE,68778,KEYA PAHA,42.82484,-99.74655,Site ID 78 P2-20,Phase 9,INDUSTRIAL TOWER WEST,1264036,Chris Bolton 308-370-1857  chris.bolton@viaero.com,Rooftop,ROOFTOP,DAWSON PUBLIC POWER,UNKNOWN,VIAERO,Chris Bolton,,,,,,,,,,,,Derrick Molehill,11/23/2025,11:53:00 AM,1:03:00 PM,NONE,,,,,,
113,NE-SPARKS_NE,42332 Lost Creek Road,Springview,NE,68778,KEYA PAHA,42.95132,-100.01798,Site ID 113 P2-20,Phase 9,INDUSTRIAL TOWER WEST,1297069,Chris Bolton 308-370-1857  chris.bolton@viaero.com,Self-Supporting Tower,COMPOUND,NPPD  ,109123497,VIAERO,Chris Bolton,84,156,54,50,240,48,84,36,92,NA,NA,Derrick Molehill,11/23/2025,7:37:00 AM,8:39:00 AM,NONE,1225/KEYED,X,X,X,12/9/2025,COMPLETE
206,NE-AINSWORTH,111 W. 4th ST.,Ainsworth,NE,69210,BROWN,42.549528,-99.863,Site ID 206 P2-20,Phase 9,INDUSTRIAL TOWER WEST,1292430,Chris Bolton 308-370-1857  chris.bolton@viaero.com,Self-Supporting Tower,COMPOUND,NEBRASKA PUBLIC POWER DISTRICT,154331372,VIAERO,Chris Bolton,48,60,120,72,160,120,228,120,24,NA,14,Derrick Molehill,11/23/2025,3:16:00 PM,4:08:00 PM,NONE,1225/KEYED,X,X,X,12/9/2025,COMPLETE
253,NE-NORFOLK_CITY_UTILITIES,25th & Prospect,Norfolk,NE,68701,Madison,42.037027,-97.446382,Site ID 253 P2-18,Phase 9,INDUSTRIAL TOWER WEST,TBD,chris Bolton 308-370-1857  chris.bolton@viaero.com,Self-Supporting Tower,COMPOUND,NEBRASKA PUBLIC POWER DISTRICT,158710810,VIAERO,Chris Bolton,78,48,10,10,48,30,55,45,12,NA,4,Brian King,12/10/2025,11:54:00 AM,12:44:00 PM,NONE,ESCORT,,,,,
312,NE-LONG_PINE,101 N. Cedar Street,Long Pine,NE,69217,BROWN,42.5317,-99.70645,Site ID 312 P2-20,Phase 9,INDUSTRIAL TOWER WEST,1275797,Chris Bolton 308-370-1857  chris.bolton@viaero.com,Self-Supporting Tower,COMPOUND,DAWSON PUBLIC POWER,146465728,VIAERO,Chris Bolton,NA,NA,NA,NA,NA,NA,NA,NA,NA,NA,NA,Derrick Molehill,11/23/2025,1:27:00 PM,2:08:00 PM,NONE,1225/KEYED,,,,,
325,NE-ARNOLD_DT,80078 Dunning Road,Arnold,NE,69120,CUSTER,41.42824,-100.18774,Site ID 325 P2-16,Phase 9,INDUSTRIAL TOWER WEST,1247094,Chris Bolton 308-370-1857  chris.bolton@viaero.com,Self-Supporting Tower,COMPOUND,NEBRASKA PUBLIC POWER DISTRICT,337380722,VIAERO,Chris Bolton,60,160,204,90,207,60,24,30,100,NA,NA,Derrick Molehill,11/24/2025,12:16:00 PM,12:47:00 PM,NONE,1031 / KEYED,X,X,X,12/9/2025,COMPLETE
374,NE-ANSELMO_EAST,43700 Dr. 816,Anselmo,NE,68813,CUSTER,41.66292,-99.69306,Site ID 374 P2-16,Phase 9,INDUSTRIAL TOWER WEST,1302290,Chris Bolton 308-370-1857  chris.bolton@viaero.com,Self-Supporting Tower,COMPOUND,SOUTH CENTRAL PPD,334980804,VIAERO,Chris Bolton,74,204,90,120,174,42,30,108,90,NA,NA,Derrick Molehill,11/24/2025,8:58:00 AM,9:32:00 AM,NONE,1225/KEYED,X,X,X,12/9/2025,COMPLETE
376,NE-ARNOLD_GP,80230 Dunning Rd,Arnold,NE,69120,CUSTER,41.45863,-100.19221,Site ID 376 P2-16,Phase 9,INDUSTRIAL TOWER WEST,1272618,Chris Bolton 308-370-1857  chris.bolton@viaero.com,Guyed Tower,COMPOUND,NEBRASKA PUBLIC POWER DISTRICT,337956882,VIAERO,Chris Bolton,74,180,78,60,205,50,58,84,110,NA,NA,Derrick Molehill,11/24/2025,11:46:00 AM,12:28:00 PM,NONE,1031 / KEYED,X,X,X,12/9/2025,COMPLETE
418,NE-JOHNSTOWN,41745 US Hwy 20,Johnstown,NE,69214,BROWN,42.5802,-100.11554,Site ID 418 P2-20,Phase 9,INDUSTRIAL TOWER WEST,1260855,Chris Bolton 308-370-1857  chris.bolton@viaero.com,Guyed Tower,COMPOUND,DAWSON PUBLIC POWER,107312761,VIAERO,Chris Bolton,80,144,96,72,144,90,64,84,87,NA,NA,Derrick Molehill,11/23/2025,2:32:00 PM,3:08:00 PM,NONE,1225/KEYED,X,X,X,12/9/2025,COMPLETE
436,NE-ANSELMO,81671 Road 428,Anselmo,NE,68813,CUSTER,41.66127,-99.866442,Site ID 436 P2-16,Phase 9,INDUSTRIAL TOWER WEST,1259045,Chris Bolton 308-370-1857  chris.bolton@viaero.com,Guyed Tower,COMPOUND,SOUTH CENTRAL PPD,337957271,VIAERO,Chris Bolton,82,204,60,120,174,210,36,168,94,NA,NA,Derrick Molehill,11/23/2025,9:52:00 AM,10:31:00 AM,NONE,1225/KEYED,X,X,X,12/9/2025,COMPLETE
437,NE-MERNA,42893 Road 805,Merna,NE,68856,CUSTER,41.50109,-99.84791,Site ID 437 P2-16,Phase 9,INDUSTRIAL TOWER WEST,1259043,Chris Bolton 308-370-1857  chris.bolton@viaero.com,Guyed Tower,COMPOUND,NEBRASKA PUBLIC POWER DISTRICT,128381774,VIAERO,Chris Bolton,60,168,144,140,78,62,55,93,79,NA,NA,Derrick Molehill,11/24/2025,10:45:00 AM,11:16:00 AM,NONE,1225/KEYED,X,X,X,12/9/2025,COMPLETE
494,NE-BURTON_WEST,90363 Jordan Valley Ave,Springview,NE,68778,KEYA PAHA,42.92067,-99.65072,Site ID 494 P2-20,Phase 9,INDUSTRIAL TOWER WEST,1272622,Chris Bolton 308-370-1857  chris.bolton@viaero.com,Self-Supporting Tower,COMPOUND,BURT COUNTY PPD,117836640,VIAERO,Chris Bolton,86,164,78,36,132,24,58,38,112,NA,NA,Derrick Molehill,11/23/2025,10:56:00 AM,11:28:00 AM,NONE,1225/KEYED,X,X,X,12/9/2025,COMPLETE
497,NE-SPRINGVIEW_SW,89503 436th Ave,Springview,NE,68778,KEYA PAHA,42.79016,-99.77907,Site ID 497 P2-20,Phase 9,INDUSTRIAL TOWER WEST,1268806,Chris Bolton 308-370-1857  chris.bolton@viaero.com,Self-Supporting Tower,COMPOUND,DAWSON PUBLIC POWER,117835466,VIAERO,Chris Bolton,90,156,60,65,200,48,40,48,127,NA,NA,Derrick Molehill,11/23/2025,12:18:00 PM,12:48:00 PM,NONE,1225/KEYED,X,X,X,12/9/2025,COMPLETE
498,NE-SPARKS_SOUTH,41567 River Road,Sparks,NE,69220,KEYA PAHA,42.84056,-100.15728,Site ID 498 P2-20,Phase 9,INDUSTRIAL TOWER WEST,1268807,Chris Bolton 308-370-1857  chris.bolton@viaero.com,Self-Supporting Tower,COMPOUND,NEBRASKA PUBLIC POWER DISTRICT,117395561,VIAERO,Chris Bolton,99,252,120,88,276,48,36,40,84,NA,NA,Derrick Molehill,11/23/2025,9:29:00 AM,10:17:00 AM,NONE,1225/KEYED,X,X,X,12/9/2025,COMPLETE
542,NE-AINSWORTH_SOUTH,42992 Paradise Valley Road,Ainsworth,NE,69210,CUSTER,42.33086528,-99.85945139,Site ID 542 P2-20,Phase 9,INDUSTRIAL TOWER WEST,1260802,Chris Bolton 308-370-1857  chris.bolton@viaero.com,Self-Supporting Tower,COMPOUND,NEBRASKA PUBLIC POWER DISTRICT,120625931,VIAERO,Chris Bolton,84,216,100,92,156,64,38,28,90,NA,NA,Derrick Molehill,11/24/2025,6:25:00 AM,7:03:00 AM,NONE,1225/KEYED,X,X,X,12/9/2025,COMPLETE
569,NE-BREWSTER_NORTH,85065 State Hwy 7,Ainsworth,NE,69210,BROWN,42.1554,-99.88009,Site ID 569 P2-20,Phase 9,INDUSTRIAL TOWER WEST,1313562,Chris Bolton 308-370-1857  chris.bolton@viaero.com,Self-Supporting Tower,COMPOUND,NEBRASKA PUBLIC POWER DISTRICT,337956669,VIAERO,Chris Bolton,84,192,78,120,174,120,60,84,36,NA,NA,Derrick Molehill,11/24/2025,7:25:00 AM,7:59:00 AM,NONE,1225/KEYED,X,X,X,12/9/2025,COMPLETE
1058,NE-FOSTER,85801 543rd Avenue,Foster,NE,68765,Pierce,42.26513639,-97.66212722,Site ID 1058 P2-18,Phase 9,INDUSTRIAL TOWER WEST,1322586,Chris Bolton 308-370-1857  chris.bolton@viaero.com,Guyed Tower,COMPOUND,Northeast Nebraska PPD,65937829,VIAERO,Chris Bolton,76,200,200,152,91,212,60,150,48,NA,4,Brian King,12/10/2025,11:30:00 AM,12:15:00 PM,NONE,1225/KEYED,,,,,
1071,NE-ROCKVILLE,77962 Rockville Ave,Rockville,NE,68871,Sherman,41.12881389,-98.82340833,Site ID 1071 P2-15,Phase 9,INDUSTRIAL TOWER WEST,1322585,Chris Bolton 308-370-1857  chris.bolton@viaero.com,Guyed Tower,COMPOUND,Power Loup Valley RPPD,LV-6457,VIAERO,Chris Bolton,84,204,257,84,284,84,90,24,87,NA,4,Brian King,12/8/2025,2:56:00 PM,3:10:00 PM,NONE,1225/KEYED,,,,,
1082,NE-BERWYN,79400 South Berwyn Road,Berwyn,NE,68814,Custer,41.33856667,-99.50034167,Site ID 1082 P2-16,Phase 9,INDUSTRIAL TOWER WEST,1323680,Chris Bolton 308-370-1857  chris.bolton@viaero.com,Guyed Tower,COMPOUND,Custer Public Power,348554246,VIAERO,Chris Bolton,87,202,255,84,286,48,88,24,87,NA,4,Brian King,12/8/2025,12:16:00 PM,1:23:00 PM,NONE,1225/KEYED,X,X,X,12/9/2025,COMPLETE
1089,NE-INLAND,433 Road 318,Inland,NE,68954,Clay,40.59658611,-98.21593056,Site ID 1089 P2-10,Phase 9,INDUSTRIAL TOWER WEST,TBD,Chris Bolton 308-370-1857  chris.bolton@viaero.com,Self-Supporting Tower,COMPOUND,,No Meter,VIAERO,Chris Bolton,NA,NA,NA,NA,NA,NA,NA,NA,NA,NA,NA,Brian King,12/8/2025,4:15:00 PM,4:23:00 PM,Under Construction,NA,X,X,X,12/9/2025,COMPLETE
1092,NE-PAULINE,14355 S Blaine Ave,Blue Hill,NE,68930,Adams,40.40869722,-98.33366667,Site ID 1092 P2-10,Phase 9,INDUSTRIAL TOWER WEST,TBD,Chris Bolton 308-370-1857  chris.bolton@viaero.com,Guyed Tower,COMPOUND,,No Meter,VIAERO,Chris Bolton,NA,NA,NA,NA,NA,NA,NA,NA,NA,NA,NA,Brian King,12/8/2025,4:51:00 PM,5:05:00 PM,Under Construction,NA,X,X,X,12/9/2025,COMPLETE
398,KS-WESKAN,515 Chelsey Avenue, Weskan,KS,67762,,38.86755,-101.96844,Traing sites,Training,INDUSTRIAL TOWER WEST,,Chris Bolton 308-370-1857  chris.bolton@viaero.com,SELF-SUPPORT (195'),COMPOUND,,,,,,,,,,,,,,,,Trid3nt,,,,,,,,,,
763,KS-SHARON_SPRINGS,901 North Hwy 27, Sharon Springs,KS,67758,,38.904619,-101.751039,Training sites,Training,INDUSTRIAL TOWER WEST,,Chris Bolton 308-370-1857  chris.bolton@viaero.com,GUYED TOWER (250'),COMPOUND,,,,,,,,,,,,,,,,Trid3nt,,,,,,,,,,
,,,,,,,,,,,,,,,,,,,,,,,,,,,,,,,,,,,,,,,,,
,,,,,,,,,,,,,,,,,,,,,,,,,,,,,,,,,,,,,,,,,
,,,,,,,,,,,,,,,,,,,,,,,,,,,,,,,,,,,,,,,,,
,,,,,,,,,,,,,,,,,,,,,,,,,,,,,,,,,,,,,,,,,
,,,,,,,,,,,,,,,,,,,,,,,,,,,,,,,,,,,,,,,,,
,,,,,,,,,,,,,,,,,,,,,,,,,,,,,,,,,,,,,,,,,
,,,,,,,,,,,,,,,,,,,,,,,,,,,,,,,,,,,,,,,,,
,,,,,,,,,,,,,,,,,,,,,,,,,,,,,,,,,,,,,,,,,
,,,,,,,,,,,,,,,,,,,,,,,,,,,,,,,,,,,,,,,,,
,,,,,,,,,,,,,,,,,,,,,,,,,,,,,,,,,,,,,,,,,
,,,,,,,,,,,,,,,,,,,,,,,,,,,,,,,,,,,,,,,,,
,,,,,,,,,,,,,,,,,,,,,,,,,,,,,,,,,,,,,,,,,
,,,,,,,,,,,,,,,,,,,,,,,,,,,,,,,,,,,,,,,,,
,,,,,,,,,,,,,,,,,,,,,,,,,,,,,,,,,,,,,,,,,
,,,,,,,,,,,,,,,,,,,,,,,,,,,,,,,,,,,,,,,,,
,,,,,,,,,,,,,,,,,,,,,,,,,,,,,,,,,,,,,,,,,
,,,,,,,,,,,,,,,,,,,,,,,,,,,,,,,,,,,,,,,,,
,,,,,,,,,,,,,,,,,,,,,,,,,,,,,,,,,,,,,,,,,
,,,,,,,,,,,,,,,,,,,,,,,,,,,,,,,,,,,,,,,,,
,,,,,,,,,,,,,,,,,,,,,,,,,,,,,,,,,,,,,,,,,
,,,,,,,,,,,,,,,,,,,,,,,,,,,,,,,,,,,,,,,,,
,,,,,,,,,,,,,,,,,,,,,,,,,,,,,,,,,,,,,,,,,
,,,,,,,,,,,,,,,,,,,,,,,,,,,,,,,,,,,,,,,,,
,,,,,,,,,,,,,,,,,,,,,,,,,,,,,,,,,,,,,,,,,
,,,,,,,,,,,,,,,,,,,,,,,,,,,,,,,,,,,,,,,,,
,,,,,,,,,,,,,,,,,,,,,,,,,,,,,,,,,,,,,,,,,
,,,,,,,,,,,,,,,,,,,,,,,,,,,,,,,,,,,,,,,,,
,,,,,,,,,,,,,,,,,,,,,,,,,,,,,,,,,,,,,,,,,
,,,,,,,,,,,,,,,,,,,,,,,,,,,,,,,,,,,,,,,,,
,,,,,,,,,,,,,,,,,,,,,,,,,,,,,,,,,,,,,,,,,
,,,,,,,,,,,,,,,,,,,,,,,,,,,,,,,,,,,,,,,,,
,,,,,,,,,,,,,,,,,,,,,,,,,,,,,,,,,,,,,,,,,
,,,,,,,,,,,,,,,,,,,,,,,,,,,,,,,,,,,,,,,,,
,,,,,,,,,,,,,,,,,,,,,,,,,,,,,,,,,,,,,,,,,
,,,,,,,,,,,,,,,,,,,,,,,,,,,,,,,,,,,,,,,,,
,,,,,,,,,,,,,,,,,,,,,,,,,,,,,,,,,,,,,,,,,
,,,,,,,,,,,,,,,,,,,,,,,,,,,,,,,,,,,,,,,,,
,,,,,,,,,,,,,,,,,,,,,,,,,,,,,,,,,,,,,,,,,
,,,,,,,,,,,,,,,,,,,,,,,,,,,,,,,,,,,,,,,,,
,,,,,,,,,,,,,,,,,,,,,,,,,,,,,,,,,,,,,,,,,
,,,,,,,,,,,,,,,,,,,,,,,,,,,,,,,,,,,,,,,,,
,,,,,,,,,,,,,,,,,,,,,,,,,,,,,,,,,,,,,,,,,
,,,,,,,,,,,,,,,,,,,,,,,,,,,,,,,,,,,,,,,,,
,,,,,,,,,,,,,,,,,,,,,,,,,,,,,,,,,,,,,,,,,
,,,,,,,,,,,,,,,,,,,,,,,,,,,,,,,,,,,,,,,,,
,,,,,,,,,,,,,,,,,,,,,,,,,,,,,,,,,,,,,,,,,
,,,,,,,,,,,,,,,,,,,,,,,,,,,,,,,,,,,,,,,,,
,,,,,,,,,,,,,,,,,,,,,,,,,,,,,,,,,,,,,,,,,
,,,,,,,,,,,,,,,,,,,,,,,,,,,,,,,,,,,,,,,,,
,,,,,,,,,,,,,,,,,,,,,,,,,,,,,,,,,,,,,,,,,
,,,,,,,,,,,,,,,,,,,,,,,,,,,,,,,,,,,,,,,,,
,,,,,,,,,,,,,,,,,,,,,,,,,,,,,,,,,,,,,,,,,
,,,,,,,,,,,,,,,,,,,,,,,,,,,,,,,,,,,,,,,,,
,,,,,,,,,,,,,,,,,,,,,,,,,,,,,,,,,,,,,,,,,
,,,,,,,,,,,,,,,,,,,,,,,,,,,,,,,,,,,,,,,,,
,,,,,,,,,,,,,,,,,,,,,,,,,,,,,,,,,,,,,,,,,
,,,,,,,,,,,,,,,,,,,,,,,,,,,,,,,,,,,,,,,,,
,,,,,,,,,,,,,,,,,,,,,,,,,,,,,,,,,,,,,,,,,
,,,,,,,,,,,,,,,,,,,,,,,,,,,,,,,,,,,,,,,,,
,,,,,,,,,,,,,,,,,,,,,,,,,,,,,,,,,,,,,,,,,
,,,,,,,,,,,,,,,,,,,,,,,,,,,,,,,,,,,,,,,,,
,,,,,,,,,,,,,,,,,,,,,,,,,,,,,,,,,,,,,,,,,
,,,,,,,,,,,,,,,,,,,,,,,,,,,,,,,,,,,,,,,,,
,,,,,,,,,,,,,,,,,,,,,,,,,,,,,,,,,,,,,,,,,
,,,,,,,,,,,,,,,,,,,,,,,,,,,,,,,,,,,,,,,,,
,,,,,,,,,,,,,,,,,,,,,,,,,,,,,,,,,,,,,,,,,
,,,,,,,,,,,,,,,,,,,,,,,,,,,,,,,,,,,,,,,,,
,,,,,,,,,,,,,,,,,,,,,,,,,,,,,,,,,,,,,,,,,
,,,,,,,,,,,,,,,,,,,,,,,,,,,,,,,,,,,,,,,,,
,,,,,,,,,,,,,,,,,,,,,,,,,,,,,,,,,,,,,,,,,
,,,,,,,,,,,,,,,,,,,,,,,,,,,,,,,,,,,,,,,,,
,,,,,,,,,,,,,,,,,,,,,,,,,,,,,,,,,,,,,,,,,
,,,,,,,,,,,,,,,,,,,,,,,,,,,,,,,,,,,,,,,,,
,,,,,,,,,,,,,,,,,,,,,,,,,,,,,,,,,,,,,,,,,
,,,,,,,,,,,,,,,,,,,,,,,,,,,,,,,,,,,,,,,,,
,,,,,,,,,,,,,,,,,,,,,,,,,,,,,,,,,,,,,,,,,
,,,,,,,,,,,,,,,,,,,,,,,,,,,,,,,,,,,,,,,,,
,,,,,,,,,,,,,,,,,,,,,,,,,,,,,,,,,,,,,,,,,
,,,,,,,,,,,,,,,,,,,,,,,,,,,,,,,,,,,,,,,,,
,,,,,,,,,,,,,,,,,,,,,,,,,,,,,,,,,,,,,,,,,
,,,,,,,,,,,,,,,,,,,,,,,,,,,,,,,,,,,,,,,,,
,,,,,,,,,,,,,,,,,,,,,,,,,,,,,,,,,,,,,,,,,
,,,,,,,,,,,,,,,,,,,,,,,,,,,,,,,,,,,,,,,,,
,,,,,,,,,,,,,,,,,,,,,,,,,,,,,,,,,,,,,,,,,
,,,,,,,,,,,,,,,,,,,,,,,,,,,,,,,,,,,,,,,,,
,,,,,,,,,,,,,,,,,,,,,,,,,,,,,,,,,,,,,,,,,
,,,,,,,,,,,,,,,,,,,,,,,,,,,,,,,,,,,,,,,,,
,,,,,,,,,,,,,,,,,,,,,,,,,,,,,,,,,,,,,,,,,
,,,,,,,,,,,,,,,,,,,,,,,,,,,,,,,,,,,,,,,,,
,,,,,,,,,,,,,,,,,,,,,,,,,,,,,,,,,,,,,,,,,
,,,,,,,,,,,,,,,,,,,,,,,,,,,,,,,,,,,,,,,,,
,,,,,,,,,,,,,,,,,,,,,,,,,,,,,,,,,,,,,,,,,
,,,,,,,,,,,,,,,,,,,,,,,,,,,,,,,,,,,,,,,,,
,,,,,,,,,,,,,,,,,,,,,,,,,,,,,,,,,,,,,,,,,
,,,,,,,,,,,,,,,,,,,,,,,,,,,,,,,,,,,,,,,,,
,,,,,,,,,,,,,,,,,,,,,,,,,,,,,,,,,,,,,,,,,
,,,,,,,,,,,,,,,,,,,,,,,,,,,,,,,,,,,,,,,,,
,,,,,,,,,,,,,,,,,,,,,,,,,,,,,,,,,,,,,,,,,
,,,,,,,,,,,,,,,,,,,,,,,,,,,,,,,,,,,,,,,,,
,,,,,,,,,,,,,,,,,,,,,,,,,,,,,,,,,,,,,,,,,
,,,,,,,,,,,,,,,,,,,,,,,,,,,,,,,,,,,,,,,,,
,,,,,,,,,,,,,,,,,,,,,,,,,,,,,,,,,,,,,,,,,
,,,,,,,,,,,,,,,,,,,,,,,,,,,,,,,,,,,,,,,,,
,,,,,,,,,,,,,,,,,,,,,,,,,,,,,,,,,,,,,,,,,
,,,,,,,,,,,,,,,,,,,,,,,,,,,,,,,,,,,,,,,,,
,,,,,,,,,,,,,,,,,,,,,,,,,,,,,,,,,,,,,,,,,
,,,,,,,,,,,,,,,,,,,,,,,,,,,,,,,,,,,,,,,,,
,,,,,,,,,,,,,,,,,,,,,,,,,,,,,,,,,,,,,,,,,
,,,,,,,,,,,,,,,,,,,,,,,,,,,,,,,,,,,,,,,,,
,,,,,,,,,,,,,,,,,,,,,,,,,,,,,,,,,,,,,,,,,
,,,,,,,,,,,,,,,,,,,,,,,,,,,,,,,,,,,,,,,,,
,,,,,,,,,,,,,,,,,,,,,,,,,,,,,,,,,,,,,,,,,
,,,,,,,,,,,,,,,,,,,,,,,,,,,,,,,,,,,,,,,,,
,,,,,,,,,,,,,,,,,,,,,,,,,,,,,,,,,,,,,,,,,
,,,,,,,,,,,,,,,,,,,,,,,,,,,,,,,,,,,,,,,,,
,,,,,,,,,,,,,,,,,,,,,,,,,,,,,,,,,,,,,,,,,
,,,,,,,,,,,,,,,,,,,,,,,,,,,,,,,,,,,,,,,,,
,,,,,,,,,,,,,,,,,,,,,,,,,,,,,,,,,,,,,,,,,
,,,,,,,,,,,,,,,,,,,,,,,,,,,,,,,,,,,,,,,,,
,,,,,,,,,,,,,,,,,,,,,,,,,,,,,,,,,,,,,,,,,
,,,,,,,,,,,,,,,,,,,,,,,,,,,,,,,,,,,,,,,,,
,,,,,,,,,,,,,,,,,,,,,,,,,,,,,,,,,,,,,,,,,
,,,,,,,,,,,,,,,,,,,,,,,,,,,,,,,,,,,,,,,,,
,,,,,,,,,,,,,,,,,,,,,,,,,,,,,,,,,,,,,,,,,
,,,,,,,,,,,,,,,,,,,,,,,,,,,,,,,,,,,,,,,,,
,,,,,,,,,,,,,,,,,,,,,,,,,,,,,,,,,,,,,,,,,
,,,,,,,,,,,,,,,,,,,,,,,,,,,,,,,,,,,,,,,,,
,,,,,,,,,,,,,,,,,,,,,,,,,,,,,,,,,,,,,,,,,
,,,,,,,,,,,,,,,,,,,,,,,,,,,,,,,,,,,,,,,,,
,,,,,,,,,,,,,,,,,,,,,,,,,,,,,,,,,,,,,,,,,
,,,,,,,,,,,,,,,,,,,,,,,,,,,,,,,,,,,,,,,,,
,,,,,,,,,,,,,,,,,,,,,,,,,,,,,,,,,,,,,,,,,
,,,,,,,,,,,,,,,,,,,,,,,,,,,,,,,,,,,,,,,,,
,,,,,,,,,,,,,,,,,,,,,,,,,,,,,,,,,,,,,,,,,
,,,,,,,,,,,,,,,,,,,,,,,,,,,,,,,,,,,,,,,,,
,,,,,,,,,,,,,,,,,,,,,,,,,,,,,,,,,,,,,,,,,
,,,,,,,,,,,,,,,,,,,,,,,,,,,,,,,,,,,,,,,,,
,,,,,,,,,,,,,,,,,,,,,,,,,,,,,,,,,,,,,,,,,
,,,,,,,,,,,,,,,,,,,,,,,,,,,,,,,,,,,,,,,,,
,,,,,,,,,,,,,,,,,,,,,,,,,,,,,,,,,,,,,,,,,
,,,,,,,,,,,,,,,,,,,,,,,,,,,,,,,,,,,,,,,,,
,,,,,,,,,,,,,,,,,,,,,,,,,,,,,,,,,,,,,,,,,
,,,,,,,,,,,,,,,,,,,,,,,,,,,,,,,,,,,,,,,,,
,,,,,,,,,,,,,,,,,,,,,,,,,,,,,,,,,,,,,,,,,
,,,,,,,,,,,,,,,,,,,,,,,,,,,,,,,,,,,,,,,,,
,,,,,,,,,,,,,,,,,,,,,,,,,,,,,,,,,,,,,,,,,
,,,,,,,,,,,,,,,,,,,,,,,,,,,,,,,,,,,,,,,,,
,,,,,,,,,,,,,,,,,,,,,,,,,,,,,,,,,,,,,,,,,
,,,,,,,,,,,,,,,,,,,,,,,,,,,,,,,,,,,,,,,,,
,,,,,,,,,,,,,,,,,,,,,,,,,,,,,,,,,,,,,,,,,
,,,,,,,,,,,,,,,,,,,,,,,,,,,,,,,,,,,,,,,,,
,,,,,,,,,,,,,,,,,,,,,,,,,,,,,,,,,,,,,,,,,
,,,,,,,,,,,,,,,,,,,,,,,,,,,,,,,,,,,,,,,,,
,,,,,,,,,,,,,,,,,,,,,,,,,,,,,,,,,,,,,,,,,
,,,,,,,,,,,,,,,,,,,,,,,,,,,,,,,,,,,,,,,,,
,,,,,,,,,,,,,,,,,,,,,,,,,,,,,,,,,,,,,,,,,
,,,,,,,,,,,,,,,,,,,,,,,,,,,,,,,,,,,,,,,,,
,,,,,,,,,,,,,,,,,,,,,,,,,,,,,,,,,,,,,,,,,
,,,,,,,,,,,,,,,,,,,,,,,,,,,,,,,,,,,,,,,,,
,,,,,,,,,,,,,,,,,,,,,,,,,,,,,,,,,,,,,,,,,
,,,,,,,,,,,,,,,,,,,,,,,,,,,,,,,,,,,,,,,,,
,,,,,,,,,,,,,,,,,,,,,,,,,,,,,,,,,,,,,,,,,
,,,,,,,,,,,,,,,,,,,,,,,,,,,,,,,,,,,,,,,,,
,,,,,,,,,,,,,,,,,,,,,,,,,,,,,,,,,,,,,,,,,
,,,,,,,,,,,,,,,,,,,,,,,,,,,,,,,,,,,,,,,,,
,,,,,,,,,,,,,,,,,,,,,,,,,,,,,,,,,,,,,,,,,
,,,,,,,,,,,,,,,,,,,,,,,,,,,,,,,,,,,,,,,,,
,,,,,,,,,,,,,,,,,,,,,,,,,,,,,,,,,,,,,,,,,
,,,,,,,,,,,,,,,,,,,,,,,,,,,,,,,,,,,,,,,,,
,,,,,,,,,,,,,,,,,,,,,,,,,,,,,,,,,,,,,,,,,
,,,,,,,,,,,,,,,,,,,,,,,,,,,,,,,,,,,,,,,,,
,,,,,,,,,,,,,,,,,,,,,,,,,,,,,,,,,,,,,,,,,
,,,,,,,,,,,,,,,,,,,,,,,,,,,,,,,,,,,,,,,,,
,,,,,,,,,,,,,,,,,,,,,,,,,,,,,,,,,,,,,,,,,
,,,,,,,,,,,,,,,,,,,,,,,,,,,,,,,,,,,,,,,,,
,,,,,,,,,,,,,,,,,,,,,,,,,,,,,,,,,,,,,,,,,
,,,,,,,,,,,,,,,,,,,,,,,,,,,,,,,,,,,,,,,,,
,,,,,,,,,,,,,,,,,,,,,,,,,,,,,,,,,,,,,,,,,
,,,,,,,,,,,,,,,,,,,,,,,,,,,,,,,,,,,,,,,,,
,,,,,,,,,,,,,,,,,,,,,,,,,,,,,,,,,,,,,,,,,
,,,,,,,,,,,,,,,,,,,,,,,,,,,,,,,,,,,,,,,,,
,,,,,,,,,,,,,,,,,,,,,,,,,,,,,,,,,,,,,,,,,
,,,,,,,,,,,,,,,,,,,,,,,,,,,,,,,,,,,,,,,,,
,,,,,,,,,,,,,,,,,,,,,,,,,,,,,,,,,,,,,,,,,
,,,,,,,,,,,,,,,,,,,,,,,,,,,,,,,,,,,,,,,,,
,,,,,,,,,,,,,,,,,,,,,,,,,,,,,,,,,,,,,,,,,
,,,,,,,,,,,,,,,,,,,,,,,,,,,,,,,,,,,,,,,,,
,,,,,,,,,,,,,,,,,,,,,,,,,,,,,,,,,,,,,,,,,
,,,,,,,,,,,,,,,,,,,,,,,,,,,,,,,,,,,,,,,,,
,,,,,,,,,,,,,,,,,,,,,,,,,,,,,,,,,,,,,,,,,
,,,,,,,,,,,,,,,,,,,,,,,,,,,,,,,,,,,,,,,,,
,,,,,,,,,,,,,,,,,,,,,,,,,,,,,,,,,,,,,,,,,
,,,,,,,,,,,,,,,,,,,,,,,,,,,,,,,,,,,,,,,,,
,,,,,,,,,,,,,,,,,,,,,,,,,,,,,,,,,,,,,,,,,
,,,,,,,,,,,,,,,,,,,,,,,,,,,,,,,,,,,,,,,,,
,,,,,,,,,,,,,,,,,,,,,,,,,,,,,,,,,,,,,,,,,
,,,,,,,,,,,,,,,,,,,,,,,,,,,,,,,,,,,,,,,,,
,,,,,,,,,,,,,,,,,,,,,,,,,,,,,,,,,,,,,,,,,
,,,,,,,,,,,,,,,,,,,,,,,,,,,,,,,,,,,,,,,,,
,,,,,,,,,,,,,,,,,,,,,,,,,,,,,,,,,,,,,,,,,
,,,,,,,,,,,,,,,,,,,,,,,,,,,,,,,,,,,,,,,,,
,,,,,,,,,,,,,,,,,,,,,,,,,,,,,,,,,,,,,,,,,
,,,,,,,,,,,,,,,,,,,,,,,,,,,,,,,,,,,,,,,,,
,,,,,,,,,,,,,,,,,,,,,,,,,,,,,,,,,,,,,,,,,
,,,,,,,,,,,,,,,,,,,,,,,,,,,,,,,,,,,,,,,,,
,,,,,,,,,,,,,,,,,,,,,,,,,,,,,,,,,,,,,,,,,
,,,,,,,,,,,,,,,,,,,,,,,,,,,,,,,,,,,,,,,,,
,,,,,,,,,,,,,,,,,,,,,,,,,,,,,,,,,,,,,,,,,
,,,,,,,,,,,,,,,,,,,,,,,,,,,,,,,,,,,,,,,,,
,,,,,,,,,,,,,,,,,,,,,,,,,,,,,,,,,,,,,,,,,
,,,,,,,,,,,,,,,,,,,,,,,,,,,,,,,,,,,,,,,,,
,,,,,,,,,,,,,,,,,,,,,,,,,,,,,,,,,,,,,,,,,
,,,,,,,,,,,,,,,,,,,,,,,,,,,,,,,,,,,,,,,,,
,,,,,,,,,,,,,,,,,,,,,,,,,,,,,,,,,,,,,,,,,
,,,,,,,,,,,,,,,,,,,,,,,,,,,,,,,,,,,,,,,,,
,,,,,,,,,,,,,,,,,,,,,,,,,,,,,,,,,,,,,,,,,
,,,,,,,,,,,,,,,,,,,,,,,,,,,,,,,,,,,,,,,,,
,,,,,,,,,,,,,,,,,,,,,,,,,,,,,,,,,,,,,,,,,
,,,,,,,,,,,,,,,,,,,,,,,,,,,,,,,,,,,,,,,,,
,,,,,,,,,,,,,,,,,,,,,,,,,,,,,,,,,,,,,,,,,
,,,,,,,,,,,,,,,,,,,,,,,,,,,,,,,,,,,,,,,,,
,,,,,,,,,,,,,,,,,,,,,,,,,,,,,,,,,,,,,,,,,
,,,,,,,,,,,,,,,,,,,,,,,,,,,,,,,,,,,,,,,,,
,,,,,,,,,,,,,,,,,,,,,,,,,,,,,,,,,,,,,,,,,
,,,,,,,,,,,,,,,,,,,,,,,,,,,,,,,,,,,,,,,,,
,,,,,,,,,,,,,,,,,,,,,,,,,,,,,,,,,,,,,,,,,
,,,,,,,,,,,,,,,,,,,,,,,,,,,,,,,,,,,,,,,,,
,,,,,,,,,,,,,,,,,,,,,,,,,,,,,,,,,,,,,,,,,
,,,,,,,,,,,,,,,,,,,,,,,,,,,,,,,,,,,,,,,,,
,,,,,,,,,,,,,,,,,,,,,,,,,,,,,,,,,,,,,,,,,
,,,,,,,,,,,,,,,,,,,,,,,,,,,,,,,,,,,,,,,,,
,,,,,,,,,,,,,,,,,,,,,,,,,,,,,,,,,,,,,,,,,
,,,,,,,,,,,,,,,,,,,,,,,,,,,,,,,,,,,,,,,,,
,,,,,,,,,,,,,,,,,,,,,,,,,,,,,,,,,,,,,,,,,
,,,,,,,,,,,,,,,,,,,,,,,,,,,,,,,,,,,,,,,,,
,,,,,,,,,,,,,,,,,,,,,,,,,,,,,,,,,,,,,,,,,
,,,,,,,,,,,,,,,,,,,,,,,,,,,,,,,,,,,,,,,,,
,,,,,,,,,,,,,,,,,,,,,,,,,,,,,,,,,,,,,,,,,
,,,,,,,,,,,,,,,,,,,,,,,,,,,,,,,,,,,,,,,,,
,,,,,,,,,,,,,,,,,,,,,,,,,,,,,,,,,,,,,,,,,
,,,,,,,,,,,,,,,,,,,,,,,,,,,,,,,,,,,,,,,,,
,,,,,,,,,,,,,,,,,,,,,,,,,,,,,,,,,,,,,,,,,
,,,,,,,,,,,,,,,,,,,,,,,,,,,,,,,,,,,,,,,,,
,,,,,,,,,,,,,,,,,,,,,,,,,,,,,,,,,,,,,,,,,
,,,,,,,,,,,,,,,,,,,,,,,,,,,,,,,,,,,,,,,,,
,,,,,,,,,,,,,,,,,,,,,,,,,,,,,,,,,,,,,,,,,
,,,,,,,,,,,,,,,,,,,,,,,,,,,,,,,,,,,,,,,,,
,,,,,,,,,,,,,,,,,,,,,,,,,,,,,,,,,,,,,,,,,
,,,,,,,,,,,,,,,,,,,,,,,,,,,,,,,,,,,,,,,,,
,,,,,,,,,,,,,,,,,,,,,,,,,,,,,,,,,,,,,,,,,
,,,,,,,,,,,,,,,,,,,,,,,,,,,,,,,,,,,,,,,,,
,,,,,,,,,,,,,,,,,,,,,,,,,,,,,,,,,,,,,,,,,
,,,,,,,,,,,,,,,,,,,,,,,,,,,,,,,,,,,,,,,,,
,,,,,,,,,,,,,,,,,,,,,,,,,,,,,,,,,,,,,,,,,
,,,,,,,,,,,,,,,,,,,,,,,,,,,,,,,,,,,,,,,,,
,,,,,,,,,,,,,,,,,,,,,,,,,,,,,,,,,,,,,,,,,
,,,,,,,,,,,,,,,,,,,,,,,,,,,,,,,,,,,,,,,,,
,,,,,,,,,,,,,,,,,,,,,,,,,,,,,,,,,,,,,,,,,
,,,,,,,,,,,,,,,,,,,,,,,,,,,,,,,,,,,,,,,,,
,,,,,,,,,,,,,,,,,,,,,,,,,,,,,,,,,,,,,,,,,
,,,,,,,,,,,,,,,,,,,,,,,,,,,,,,,,,,,,,,,,,
,,,,,,,,,,,,,,,,,,,,,,,,,,,,,,,,,,,,,,,,,
,,,,,,,,,,,,,,,,,,,,,,,,,,,,,,,,,,,,,,,,,
,,,,,,,,,,,,,,,,,,,,,,,,,,,,,,,,,,,,,,,,,
,,,,,,,,,,,,,,,,,,,,,,,,,,,,,,,,,,,,,,,,,
,,,,,,,,,,,,,,,,,,,,,,,,,,,,,,,,,,,,,,,,,
,,,,,,,,,,,,,,,,,,,,,,,,,,,,,,,,,,,,,,,,,
,,,,,,,,,,,,,,,,,,,,,,,,,,,,,,,,,,,,,,,,,
,,,,,,,,,,,,,,,,,,,,,,,,,,,,,,,,,,,,,,,,,
,,,,,,,,,,,,,,,,,,,,,,,,,,,,,,,,,,,,,,,,,
,,,,,,,,,,,,,,,,,,,,,,,,,,,,,,,,,,,,,,,,,
,,,,,,,,,,,,,,,,,,,,,,,,,,,,,,,,,,,,,,,,,
,,,,,,,,,,,,,,,,,,,,,,,,,,,,,,,,,,,,,,,,,
,,,,,,,,,,,,,,,,,,,,,,,,,,,,,,,,,,,,,,,,,
,,,,,,,,,,,,,,,,,,,,,,,,,,,,,,,,,,,,,,,,,
,,,,,,,,,,,,,,,,,,,,,,,,,,,,,,,,,,,,,,,,,
,,,,,,,,,,,,,,,,,,,,,,,,,,,,,,,,,,,,,,,,,
,,,,,,,,,,,,,,,,,,,,,,,,,,,,,,,,,,,,,,,,,
,,,,,,,,,,,,,,,,,,,,,,,,,,,,,,,,,,,,,,,,,
,,,,,,,,,,,,,,,,,,,,,,,,,,,,,,,,,,,,,,,,,
,,,,,,,,,,,,,,,,,,,,,,,,,,,,,,,,,,,,,,,,,
,,,,,,,,,,,,,,,,,,,,,,,,,,,,,,,,,,,,,,,,,
,,,,,,,,,,,,,,,,,,,,,,,,,,,,,,,,,,,,,,,,,
,,,,,,,,,,,,,,,,,,,,,,,,,,,,,,,,,,,,,,,,,
,,,,,,,,,,,,,,,,,,,,,,,,,,,,,,,,,,,,,,,,,
,,,,,,,,,,,,,,,,,,,,,,,,,,,,,,,,,,,,,,,,,
,,,,,,,,,,,,,,,,,,,,,,,,,,,,,,,,,,,,,,,,,
,,,,,,,,,,,,,,,,,,,,,,,,,,,,,,,,,,,,,,,,,
,,,,,,,,,,,,,,,,,,,,,,,,,,,,,,,,,,,,,,,,,
,,,,,,,,,,,,,,,,,,,,,,,,,,,,,,,,,,,,,,,,,
,,,,,,,,,,,,,,,,,,,,,,,,,,,,,,,,,,,,,,,,,
,,,,,,,,,,,,,,,,,,,,,,,,,,,,,,,,,,,,,,,,,
,,,,,,,,,,,,,,,,,,,,,,,,,,,,,,,,,,,,,,,,,
,,,,,,,,,,,,,,,,,,,,,,,,,,,,,,,,,,,,,,,,,
,,,,,,,,,,,,,,,,,,,,,,,,,,,,,,,,,,,,,,,,,
,,,,,,,,,,,,,,,,,,,,,,,,,,,,,,,,,,,,,,,,,
,,,,,,,,,,,,,,,,,,,,,,,,,,,,,,,,,,,,,,,,,
,,,,,,,,,,,,,,,,,,,,,,,,,,,,,,,,,,,,,,,,,
,,,,,,,,,,,,,,,,,,,,,,,,,,,,,,,,,,,,,,,,,
,,,,,,,,,,,,,,,,,,,,,,,,,,,,,,,,,,,,,,,,,
,,,,,,,,,,,,,,,,,,,,,,,,,,,,,,,,,,,,,,,,,
,,,,,,,,,,,,,,,,,,,,,,,,,,,,,,,,,,,,,,,,,
,,,,,,,,,,,,,,,,,,,,,,,,,,,,,,,,,,,,,,,,,
,,,,,,,,,,,,,,,,,,,,,,,,,,,,,,,,,,,,,,,,,
,,,,,,,,,,,,,,,,,,,,,,,,,,,,,,,,,,,,,,,,,
,,,,,,,,,,,,,,,,,,,,,,,,,,,,,,,,,,,,,,,,,
,,,,,,,,,,,,,,,,,,,,,,,,,,,,,,,,,,,,,,,,,
,,,,,,,,,,,,,,,,,,,,,,,,,,,,,,,,,,,,,,,,,
,,,,,,,,,,,,,,,,,,,,,,,,,,,,,,,,,,,,,,,,,
,,,,,,,,,,,,,,,,,,,,,,,,,,,,,,,,,,,,,,,,,
,,,,,,,,,,,,,,,,,,,,,,,,,,,,,,,,,,,,,,,,,
,,,,,,,,,,,,,,,,,,,,,,,,,,,,,,,,,,,,,,,,,
,,,,,,,,,,,,,,,,,,,,,,,,,,,,,,,,,,,,,,,,,
,,,,,,,,,,,,,,,,,,,,,,,,,,,,,,,,,,,,,,,,,
,,,,,,,,,,,,,,,,,,,,,,,,,,,,,,,,,,,,,,,,,
,,,,,,,,,,,,,,,,,,,,,,,,,,,,,,,,,,,,,,,,,
,,,,,,,,,,,,,,,,,,,,,,,,,,,,,,,,,,,,,,,,,
,,,,,,,,,,,,,,,,,,,,,,,,,,,,,,,,,,,,,,,,,
,,,,,,,,,,,,,,,,,,,,,,,,,,,,,,,,,,,,,,,,,
,,,,,,,,,,,,,,,,,,,,,,,,,,,,,,,,,,,,,,,,,
,,,,,,,,,,,,,,,,,,,,,,,,,,,,,,,,,,,,,,,,,
,,,,,,,,,,,,,,,,,,,,,,,,,,,,,,,,,,,,,,,,,
,,,,,,,,,,,,,,,,,,,,,,,,,,,,,,,,,,,,,,,,,
,,,,,,,,,,,,,,,,,,,,,,,,,,,,,,,,,,,,,,,,,
,,,,,,,,,,,,,,,,,,,,,,,,,,,,,,,,,,,,,,,,,
,,,,,,,,,,,,,,,,,,,,,,,,,,,,,,,,,,,,,,,,,
,,,,,,,,,,,,,,,,,,,,,,,,,,,,,,,,,,,,,,,,,
,,,,,,,,,,,,,,,,,,,,,,,,,,,,,,,,,,,,,,,,,
,,,,,,,,,,,,,,,,,,,,,,,,,,,,,,,,,,,,,,,,,
,,,,,,,,,,,,,,,,,,,,,,,,,,,,,,,,,,,,,,,,,
,,,,,,,,,,,,,,,,,,,,,,,,,,,,,,,,,,,,,,,,,
,,,,,,,,,,,,,,,,,,,,,,,,,,,,,,,,,,,,,,,,,
,,,,,,,,,,,,,,,,,,,,,,,,,,,,,,,,,,,,,,,,,
,,,,,,,,,,,,,,,,,,,,,,,,,,,,,,,,,,,,,,,,,
,,,,,,,,,,,,,,,,,,,,,,,,,,,,,,,,,,,,,,,,,
,,,,,,,,,,,,,,,,,,,,,,,,,,,,,,,,,,,,,,,,,
,,,,,,,,,,,,,,,,,,,,,,,,,,,,,,,,,,,,,,,,,
,,,,,,,,,,,,,,,,,,,,,,,,,,,,,,,,,,,,,,,,,
,,,,,,,,,,,,,,,,,,,,,,,,,,,,,,,,,,,,,,,,,
,,,,,,,,,,,,,,,,,,,,,,,,,,,,,,,,,,,,,,,,,
,,,,,,,,,,,,,,,,,,,,,,,,,,,,,,,,,,,,,,,,,
,,,,,,,,,,,,,,,,,,,,,,,,,,,,,,,,,,,,,,,,,
,,,,,,,,,,,,,,,,,,,,,,,,,,,,,,,,,,,,,,,,,
,,,,,,,,,,,,,,,,,,,,,,,,,,,,,,,,,,,,,,,,,
,,,,,,,,,,,,,,,,,,,,,,,,,,,,,,,,,,,,,,,,,
,,,,,,,,,,,,,,,,,,,,,,,,,,,,,,,,,,,,,,,,,
,,,,,,,,,,,,,,,,,,,,,,,,,,,,,,,,,,,,,,,,,
,,,,,,,,,,,,,,,,,,,,,,,,,,,,,,,,,,,,,,,,,
,,,,,,,,,,,,,,,,,,,,,,,,,,,,,,,,,,,,,,,,,
,,,,,,,,,,,,,,,,,,,,,,,,,,,,,,,,,,,,,,,,,
,,,,,,,,,,,,,,,,,,,,,,,,,,,,,,,,,,,,,,,,,
,,,,,,,,,,,,,,,,,,,,,,,,,,,,,,,,,,,,,,,,,
,,,,,,,,,,,,,,,,,,,,,,,,,,,,,,,,,,,,,,,,,
,,,,,,,,,,,,,,,,,,,,,,,,,,,,,,,,,,,,,,,,,
,,,,,,,,,,,,,,,,,,,,,,,,,,,,,,,,,,,,,,,,,
,,,,,,,,,,,,,,,,,,,,,,,,,,,,,,,,,,,,,,,,,
,,,,,,,,,,,,,,,,,,,,,,,,,,,,,,,,,,,,,,,,,
,,,,,,,,,,,,,,,,,,,,,,,,,,,,,,,,,,,,,,,,,
,,,,,,,,,,,,,,,,,,,,,,,,,,,,,,,,,,,,,,,,,
,,,,,,,,,,,,,,,,,,,,,,,,,,,,,,,,,,,,,,,,,
,,,,,,,,,,,,,,,,,,,,,,,,,,,,,,,,,,,,,,,,,
,,,,,,,,,,,,,,,,,,,,,,,,,,,,,,,,,,,,,,,,,
,,,,,,,,,,,,,,,,,,,,,,,,,,,,,,,,,,,,,,,,,
,,,,,,,,,,,,,,,,,,,,,,,,,,,,,,,,,,,,,,,,,
,,,,,,,,,,,,,,,,,,,,,,,,,,,,,,,,,,,,,,,,,
,,,,,,,,,,,,,,,,,,,,,,,,,,,,,,,,,,,,,,,,,
,,,,,,,,,,,,,,,,,,,,,,,,,,,,,,,,,,,,,,,,,
,,,,,,,,,,,,,,,,,,,,,,,,,,,,,,,,,,,,,,,,,
,,,,,,,,,,,,,,,,,,,,,,,,,,,,,,,,,,,,,,,,,
,,,,,,,,,,,,,,,,,,,,,,,,,,,,,,,,,,,,,,,,,
,,,,,,,,,,,,,,,,,,,,,,,,,,,,,,,,,,,,,,,,,
,,,,,,,,,,,,,,,,,,,,,,,,,,,,,,,,,,,,,,,,,
,,,,,,,,,,,,,,,,,,,,,,,,,,,,,,,,,,,,,,,,,
,,,,,,,,,,,,,,,,,,,,,,,,,,,,,,,,,,,,,,,,,
,,,,,,,,,,,,,,,,,,,,,,,,,,,,,,,,,,,,,,,,,
,,,,,,,,,,,,,,,,,,,,,,,,,,,,,,,,,,,,,,,,,
,,,,,,,,,,,,,,,,,,,,,,,,,,,,,,,,,,,,,,,,,
,,,,,,,,,,,,,,,,,,,,,,,,,,,,,,,,,,,,,,,,,
,,,,,,,,,,,,,,,,,,,,,,,,,,,,,,,,,,,,,,,,,
,,,,,,,,,,,,,,,,,,,,,,,,,,,,,,,,,,,,,,,,,
,,,,,,,,,,,,,,,,,,,,,,,,,,,,,,,,,,,,,,,,,
,,,,,,,,,,,,,,,,,,,,,,,,,,,,,,,,,,,,,,,,,
,,,,,,,,,,,,,,,,,,,,,,,,,,,,,,,,,,,,,,,,,
,,,,,,,,,,,,,,,,,,,,,,,,,,,,,,,,,,,,,,,,,
,,,,,,,,,,,,,,,,,,,,,,,,,,,,,,,,,,,,,,,,,
,,,,,,,,,,,,,,,,,,,,,,,,,,,,,,,,,,,,,,,,,
,,,,,,,,,,,,,,,,,,,,,,,,,,,,,,,,,,,,,,,,,
,,,,,,,,,,,,,,,,,,,,,,,,,,,,,,,,,,,,,,,,,
,,,,,,,,,,,,,,,,,,,,,,,,,,,,,,,,,,,,,,,,,
,,,,,,,,,,,,,,,,,,,,,,,,,,,,,,,,,,,,,,,,,
,,,,,,,,,,,,,,,,,,,,,,,,,,,,,,,,,,,,,,,,,
,,,,,,,,,,,,,,,,,,,,,,,,,,,,,,,,,,,,,,,,,
,,,,,,,,,,,,,,,,,,,,,,,,,,,,,,,,,,,,,,,,,
,,,,,,,,,,,,,,,,,,,,,,,,,,,,,,,,,,,,,,,,,
,,,,,,,,,,,,,,,,,,,,,,,,,,,,,,,,,,,,,,,,,
,,,,,,,,,,,,,,,,,,,,,,,,,,,,,,,,,,,,,,,,,
,,,,,,,,,,,,,,,,,,,,,,,,,,,,,,,,,,,,,,,,,
,,,,,,,,,,,,,,,,,,,,,,,,,,,,,,,,,,,,,,,,,
,,,,,,,,,,,,,,,,,,,,,,,,,,,,,,,,,,,,,,,,,
,,,,,,,,,,,,,,,,,,,,,,,,,,,,,,,,,,,,,,,,,
,,,,,,,,,,,,,,,,,,,,,,,,,,,,,,,,,,,,,,,,,
,,,,,,,,,,,,,,,,,,,,,,,,,,,,,,,,,,,,,,,,,
,,,,,,,,,,,,,,,,,,,,,,,,,,,,,,,,,,,,,,,,,
,,,,,,,,,,,,,,,,,,,,,,,,,,,,,,,,,,,,,,,,,
,,,,,,,,,,,,,,,,,,,,,,,,,,,,,,,,,,,,,,,,,
,,,,,,,,,,,,,,,,,,,,,,,,,,,,,,,,,,,,,,,,,
,,,,,,,,,,,,,,,,,,,,,,,,,,,,,,,,,,,,,,,,,
,,,,,,,,,,,,,,,,,,,,,,,,,,,,,,,,,,,,,,,,,
,,,,,,,,,,,,,,,,,,,,,,,,,,,,,,,,,,,,,,,,,
,,,,,,,,,,,,,,,,,,,,,,,,,,,,,,,,,,,,,,,,,
,,,,,,,,,,,,,,,,,,,,,,,,,,,,,,,,,,,,,,,,,
,,,,,,,,,,,,,,,,,,,,,,,,,,,,,,,,,,,,,,,,,
,,,,,,,,,,,,,,,,,,,,,,,,,,,,,,,,,,,,,,,,,
,,,,,,,,,,,,,,,,,,,,,,,,,,,,,,,,,,,,,,,,,
,,,,,,,,,,,,,,,,,,,,,,,,,,,,,,,,,,,,,,,,,
,,,,,,,,,,,,,,,,,,,,,,,,,,,,,,,,,,,,,,,,,
,,,,,,,,,,,,,,,,,,,,,,,,,,,,,,,,,,,,,,,,,
,,,,,,,,,,,,,,,,,,,,,,,,,,,,,,,,,,,,,,,,,
,,,,,,,,,,,,,,,,,,,,,,,,,,,,,,,,,,,,,,,,,
,,,,,,,,,,,,,,,,,,,,,,,,,,,,,,,,,,,,,,,,,
,,,,,,,,,,,,,,,,,,,,,,,,,,,,,,,,,,,,,,,,,
,,,,,,,,,,,,,,,,,,,,,,,,,,,,,,,,,,,,,,,,,
,,,,,,,,,,,,,,,,,,,,,,,,,,,,,,,,,,,,,,,,,
,,,,,,,,,,,,,,,,,,,,,,,,,,,,,,,,,,,,,,,,,
,,,,,,,,,,,,,,,,,,,,,,,,,,,,,,,,,,,,,,,,,
,,,,,,,,,,,,,,,,,,,,,,,,,,,,,,,,,,,,,,,,,
,,,,,,,,,,,,,,,,,,,,,,,,,,,,,,,,,,,,,,,,,
,,,,,,,,,,,,,,,,,,,,,,,,,,,,,,,,,,,,,,,,,
,,,,,,,,,,,,,,,,,,,,,,,,,,,,,,,,,,,,,,,,,
,,,,,,,,,,,,,,,,,,,,,,,,,,,,,,,,,,,,,,,,,
,,,,,,,,,,,,,,,,,,,,,,,,,,,,,,,,,,,,,,,,,
,,,,,,,,,,,,,,,,,,,,,,,,,,,,,,,,,,,,,,,,,
,,,,,,,,,,,,,,,,,,,,,,,,,,,,,,,,,,,,,,,,,
,,,,,,,,,,,,,,,,,,,,,,,,,,,,,,,,,,,,,,,,,
,,,,,,,,,,,,,,,,,,,,,,,,,,,,,,,,,,,,,,,,,
,,,,,,,,,,,,,,,,,,,,,,,,,,,,,,,,,,,,,,,,,
,,,,,,,,,,,,,,,,,,,,,,,,,,,,,,,,,,,,,,,,,
,,,,,,,,,,,,,,,,,,,,,,,,,,,,,,,,,,,,,,,,,
,,,,,,,,,,,,,,,,,,,,,,,,,,,,,,,,,,,,,,,,,
,,,,,,,,,,,,,,,,,,,,,,,,,,,,,,,,,,,,,,,,,
,,,,,,,,,,,,,,,,,,,,,,,,,,,,,,,,,,,,,,,,,
,,,,,,,,,,,,,,,,,,,,,,,,,,,,,,,,,,,,,,,,,
,,,,,,,,,,,,,,,,,,,,,,,,,,,,,,,,,,,,,,,,,
,,,,,,,,,,,,,,,,,,,,,,,,,,,,,,,,,,,,,,,,,
,,,,,,,,,,,,,,,,,,,,,,,,,,,,,,,,,,,,,,,,,
,,,,,,,,,,,,,,,,,,,,,,,,,,,,,,,,,,,,,,,,,
,,,,,,,,,,,,,,,,,,,,,,,,,,,,,,,,,,,,,,,,,
,,,,,,,,,,,,,,,,,,,,,,,,,,,,,,,,,,,,,,,,,
,,,,,,,,,,,,,,,,,,,,,,,,,,,,,,,,,,,,,,,,,
,,,,,,,,,,,,,,,,,,,,,,,,,,,,,,,,,,,,,,,,,
,,,,,,,,,,,,,,,,,,,,,,,,,,,,,,,,,,,,,,,,,
,,,,,,,,,,,,,,,,,,,,,,,,,,,,,,,,,,,,,,,,,
,,,,,,,,,,,,,,,,,,,,,,,,,,,,,,,,,,,,,,,,,
,,,,,,,,,,,,,,,,,,,,,,,,,,,,,,,,,,,,,,,,,
,,,,,,,,,,,,,,,,,,,,,,,,,,,,,,,,,,,,,,,,,
,,,,,,,,,,,,,,,,,,,,,,,,,,,,,,,,,,,,,,,,,
,,,,,,,,,,,,,,,,,,,,,,,,,,,,,,,,,,,,,,,,,
,,,,,,,,,,,,,,,,,,,,,,,,,,,,,,,,,,,,,,,,,
,,,,,,,,,,,,,,,,,,,,,,,,,,,,,,,,,,,,,,,,,
,,,,,,,,,,,,,,,,,,,,,,,,,,,,,,,,,,,,,,,,,
,,,,,,,,,,,,,,,,,,,,,,,,,,,,,,,,,,,,,,,,,
,,,,,,,,,,,,,,,,,,,,,,,,,,,,,,,,,,,,,,,,,
,,,,,,,,,,,,,,,,,,,,,,,,,,,,,,,,,,,,,,,,,
,,,,,,,,,,,,,,,,,,,,,,,,,,,,,,,,,,,,,,,,,
,,,,,,,,,,,,,,,,,,,,,,,,,,,,,,,,,,,,,,,,,
,,,,,,,,,,,,,,,,,,,,,,,,,,,,,,,,,,,,,,,,,
,,,,,,,,,,,,,,,,,,,,,,,,,,,,,,,,,,,,,,,,,
,,,,,,,,,,,,,,,,,,,,,,,,,,,,,,,,,,,,,,,,,
,,,,,,,,,,,,,,,,,,,,,,,,,,,,,,,,,,,,,,,,,
,,,,,,,,,,,,,,,,,,,,,,,,,,,,,,,,,,,,,,,,,
,,,,,,,,,,,,,,,,,,,,,,,,,,,,,,,,,,,,,,,,,
,,,,,,,,,,,,,,,,,,,,,,,,,,,,,,,,,,,,,,,,,
,,,,,,,,,,,,,,,,,,,,,,,,,,,,,,,,,,,,,,,,,
,,,,,,,,,,,,,,,,,,,,,,,,,,,,,,,,,,,,,,,,,
,,,,,,,,,,,,,,,,,,,,,,,,,,,,,,,,,,,,,,,,,
,,,,,,,,,,,,,,,,,,,,,,,,,,,,,,,,,,,,,,,,,
,,,,,,,,,,,,,,,,,,,,,,,,,,,,,,,,,,,,,,,,,
,,,,,,,,,,,,,,,,,,,,,,,,,,,,,,,,,,,,,,,,,
,,,,,,,,,,,,,,,,,,,,,,,,,,,,,,,,,,,,,,,,,
,,,,,,,,,,,,,,,,,,,,,,,,,,,,,,,,,,,,,,,,,
,,,,,,,,,,,,,,,,,,,,,,,,,,,,,,,,,,,,,,,,,
,,,,,,,,,,,,,,,,,,,,,,,,,,,,,,,,,,,,,,,,,
,,,,,,,,,,,,,,,,,,,,,,,,,,,,,,,,,,,,,,,,,
,,,,,,,,,,,,,,,,,,,,,,,,,,,,,,,,,,,,,,,,,
,,,,,,,,,,,,,,,,,,,,,,,,,,,,,,,,,,,,,,,,,
,,,,,,,,,,,,,,,,,,,,,,,,,,,,,,,,,,,,,,,,,
,,,,,,,,,,,,,,,,,,,,,,,,,,,,,,,,,,,,,,,,,
,,,,,,,,,,,,,,,,,,,,,,,,,,,,,,,,,,,,,,,,,
,,,,,,,,,,,,,,,,,,,,,,,,,,,,,,,,,,,,,,,,,
,,,,,,,,,,,,,,,,,,,,,,,,,,,,,,,,,,,,,,,,,
,,,,,,,,,,,,,,,,,,,,,,,,,,,,,,,,,,,,,,,,,
,,,,,,,,,,,,,,,,,,,,,,,,,,,,,,,,,,,,,,,,,
,,,,,,,,,,,,,,,,,,,,,,,,,,,,,,,,,,,,,,,,,
,,,,,,,,,,,,,,,,,,,,,,,,,,,,,,,,,,,,,,,,,
,,,,,,,,,,,,,,,,,,,,,,,,,,,,,,,,,,,,,,,,,
,,,,,,,,,,,,,,,,,,,,,,,,,,,,,,,,,,,,,,,,,
,,,,,,,,,,,,,,,,,,,,,,,,,,,,,,,,,,,,,,,,,
,,,,,,,,,,,,,,,,,,,,,,,,,,,,,,,,,,,,,,,,,
,,,,,,,,,,,,,,,,,,,,,,,,,,,,,,,,,,,,,,,,,
,,,,,,,,,,,,,,,,,,,,,,,,,,,,,,,,,,,,,,,,,
,,,,,,,,,,,,,,,,,,,,,,,,,,,,,,,,,,,,,,,,,
,,,,,,,,,,,,,,,,,,,,,,,,,,,,,,,,,,,,,,,,,
,,,,,,,,,,,,,,,,,,,,,,,,,,,,,,,,,,,,,,,,,
,,,,,,,,,,,,,,,,,,,,,,,,,,,,,,,,,,,,,,,,,
,,,,,,,,,,,,,,,,,,,,,,,,,,,,,,,,,,,,,,,,,
,,,,,,,,,,,,,,,,,,,,,,,,,,,,,,,,,,,,,,,,,
,,,,,,,,,,,,,,,,,,,,,,,,,,,,,,,,,,,,,,,,,
,,,,,,,,,,,,,,,,,,,,,,,,,,,,,,,,,,,,,,,,,
,,,,,,,,,,,,,,,,,,,,,,,,,,,,,,,,,,,,,,,,,
,,,,,,,,,,,,,,,,,,,,,,,,,,,,,,,,,,,,,,,,,
,,,,,,,,,,,,,,,,,,,,,,,,,,,,,,,,,,,,,,,,,
,,,,,,,,,,,,,,,,,,,,,,,,,,,,,,,,,,,,,,,,,
,,,,,,,,,,,,,,,,,,,,,,,,,,,,,,,,,,,,,,,,,
,,,,,,,,,,,,,,,,,,,,,,,,,,,,,,,,,,,,,,,,,
,,,,,,,,,,,,,,,,,,,,,,,,,,,,,,,,,,,,,,,,,
,,,,,,,,,,,,,,,,,,,,,,,,,,,,,,,,,,,,,,,,,
,,,,,,,,,,,,,,,,,,,,,,,,,,,,,,,,,,,,,,,,,
,,,,,,,,,,,,,,,,,,,,,,,,,,,,,,,,,,,,,,,,,
,,,,,,,,,,,,,,,,,,,,,,,,,,,,,,,,,,,,,,,,,
,,,,,,,,,,,,,,,,,,,,,,,,,,,,,,,,,,,,,,,,,
,,,,,,,,,,,,,,,,,,,,,,,,,,,,,,,,,,,,,,,,,
,,,,,,,,,,,,,,,,,,,,,,,,,,,,,,,,,,,,,,,,,
,,,,,,,,,,,,,,,,,,,,,,,,,,,,,,,,,,,,,,,,,
,,,,,,,,,,,,,,,,,,,,,,,,,,,,,,,,,,,,,,,,,
,,,,,,,,,,,,,,,,,,,,,,,,,,,,,,,,,,,,,,,,,
,,,,,,,,,,,,,,,,,,,,,,,,,,,,,,,,,,,,,,,,,
,,,,,,,,,,,,,,,,,,,,,,,,,,,,,,,,,,,,,,,,,
,,,,,,,,,,,,,,,,,,,,,,,,,,,,,,,,,,,,,,,,,
,,,,,,,,,,,,,,,,,,,,,,,,,,,,,,,,,,,,,,,,,
,,,,,,,,,,,,,,,,,,,,,,,,,,,,,,,,,,,,,,,,,
,,,,,,,,,,,,,,,,,,,,,,,,,,,,,,,,,,,,,,,,,
,,,,,,,,,,,,,,,,,,,,,,,,,,,,,,,,,,,,,,,,,
,,,,,,,,,,,,,,,,,,,,,,,,,,,,,,,,,,,,,,,,,
,,,,,,,,,,,,,,,,,,,,,,,,,,,,,,,,,,,,,,,,,
,,,,,,,,,,,,,,,,,,,,,,,,,,,,,,,,,,,,,,,,,
,,,,,,,,,,,,,,,,,,,,,,,,,,,,,,,,,,,,,,,,,
,,,,,,,,,,,,,,,,,,,,,,,,,,,,,,,,,,,,,,,,,
,,,,,,,,,,,,,,,,,,,,,,,,,,,,,,,,,,,,,,,,,
,,,,,,,,,,,,,,,,,,,,,,,,,,,,,,,,,,,,,,,,,
,,,,,,,,,,,,,,,,,,,,,,,,,,,,,,,,,,,,,,,,,
,,,,,,,,,,,,,,,,,,,,,,,,,,,,,,,,,,,,,,,,,
,,,,,,,,,,,,,,,,,,,,,,,,,,,,,,,,,,,,,,,,,
,,,,,,,,,,,,,,,,,,,,,,,,,,,,,,,,,,,,,,,,,
,,,,,,,,,,,,,,,,,,,,,,,,,,,,,,,,,,,,,,,,,
,,,,,,,,,,,,,,,,,,,,,,,,,,,,,,,,,,,,,,,,,
,,,,,,,,,,,,,,,,,,,,,,,,,,,,,,,,,,,,,,,,,
,,,,,,,,,,,,,,,,,,,,,,,,,,,,,,,,,,,,,,,,,
,,,,,,,,,,,,,,,,,,,,,,,,,,,,,,,,,,,,,,,,,
,,,,,,,,,,,,,,,,,,,,,,,,,,,,,,,,,,,,,,,,,
,,,,,,,,,,,,,,,,,,,,,,,,,,,,,,,,,,,,,,,,,
,,,,,,,,,,,,,,,,,,,,,,,,,,,,,,,,,,,,,,,,,
,,,,,,,,,,,,,,,,,,,,,,,,,,,,,,,,,,,,,,,,,
,,,,,,,,,,,,,,,,,,,,,,,,,,,,,,,,,,,,,,,,,
,,,,,,,,,,,,,,,,,,,,,,,,,,,,,,,,,,,,,,,,,
,,,,,,,,,,,,,,,,,,,,,,,,,,,,,,,,,,,,,,,,,
,,,,,,,,,,,,,,,,,,,,,,,,,,,,,,,,,,,,,,,,,
,,,,,,,,,,,,,,,,,,,,,,,,,,,,,,,,,,,,,,,,,
,,,,,,,,,,,,,,,,,,,,,,,,,,,,,,,,,,,,,,,,,
,,,,,,,,,,,,,,,,,,,,,,,,,,,,,,,,,,,,,,,,,
,,,,,,,,,,,,,,,,,,,,,,,,,,,,,,,,,,,,,,,,,
,,,,,,,,,,,,,,,,,,,,,,,,,,,,,,,,,,,,,,,,,
,,,,,,,,,,,,,,,,,,,,,,,,,,,,,,,,,,,,,,,,,
,,,,,,,,,,,,,,,,,,,,,,,,,,,,,,,,,,,,,,,,,
,,,,,,,,,,,,,,,,,,,,,,,,,,,,,,,,,,,,,,,,,
,,,,,,,,,,,,,,,,,,,,,,,,,,,,,,,,,,,,,,,,,
,,,,,,,,,,,,,,,,,,,,,,,,,,,,,,,,,,,,,,,,,
,,,,,,,,,,,,,,,,,,,,,,,,,,,,,,,,,,,,,,,,,
,,,,,,,,,,,,,,,,,,,,,,,,,,,,,,,,,,,,,,,,,
,,,,,,,,,,,,,,,,,,,,,,,,,,,,,,,,,,,,,,,,,
,,,,,,,,,,,,,,,,,,,,,,,,,,,,,,,,,,,,,,,,,
,,,,,,,,,,,,,,,,,,,,,,,,,,,,,,,,,,,,,,,,,
,,,,,,,,,,,,,,,,,,,,,,,,,,,,,,,,,,,,,,,,,
,,,,,,,,,,,,,,,,,,,,,,,,,,,,,,,,,,,,,,,,,
,,,,,,,,,,,,,,,,,,,,,,,,,,,,,,,,,,,,,,,,,
,,,,,,,,,,,,,,,,,,,,,,,,,,,,,,,,,,,,,,,,,
,,,,,,,,,,,,,,,,,,,,,,,,,,,,,,,,,,,,,,,,,
,,,,,,,,,,,,,,,,,,,,,,,,,,,,,,,,,,,,,,,,,
,,,,,,,,,,,,,,,,,,,,,,,,,,,,,,,,,,,,,,,,,
,,,,,,,,,,,,,,,,,,,,,,,,,,,,,,,,,,,,,,,,,
,,,,,,,,,,,,,,,,,,,,,,,,,,,,,,,,,,,,,,,,,
,,,,,,,,,,,,,,,,,,,,,,,,,,,,,,,,,,,,,,,,,
,,,,,,,,,,,,,,,,,,,,,,,,,,,,,,,,,,,,,,,,,
,,,,,,,,,,,,,,,,,,,,,,,,,,,,,,,,,,,,,,,,,
,,,,,,,,,,,,,,,,,,,,,,,,,,,,,,,,,,,,,,,,,
,,,,,,,,,,,,,,,,,,,,,,,,,,,,,,,,,,,,,,,,,
,,,,,,,,,,,,,,,,,,,,,,,,,,,,,,,,,,,,,,,,,
,,,,,,,,,,,,,,,,,,,,,,,,,,,,,,,,,,,,,,,,,
,,,,,,,,,,,,,,,,,,,,,,,,,,,,,,,,,,,,,,,,,
,,,,,,,,,,,,,,,,,,,,,,,,,,,,,,,,,,,,,,,,,
,,,,,,,,,,,,,,,,,,,,,,,,,,,,,,,,,,,,,,,,,
,,,,,,,,,,,,,,,,,,,,,,,,,,,,,,,,,,,,,,,,,
,,,,,,,,,,,,,,,,,,,,,,,,,,,,,,,,,,,,,,,,,
,,,,,,,,,,,,,,,,,,,,,,,,,,,,,,,,,,,,,,,,,
,,,,,,,,,,,,,,,,,,,,,,,,,,,,,,,,,,,,,,,,,
,,,,,,,,,,,,,,,,,,,,,,,,,,,,,,,,,,,,,,,,,
,,,,,,,,,,,,,,,,,,,,,,,,,,,,,,,,,,,,,,,,,
,,,,,,,,,,,,,,,,,,,,,,,,,,,,,,,,,,,,,,,,,
,,,,,,,,,,,,,,,,,,,,,,,,,,,,,,,,,,,,,,,,,
,,,,,,,,,,,,,,,,,,,,,,,,,,,,,,,,,,,,,,,,,
,,,,,,,,,,,,,,,,,,,,,,,,,,,,,,,,,,,,,,,,,
,,,,,,,,,,,,,,,,,,,,,,,,,,,,,,,,,,,,,,,,,
,,,,,,,,,,,,,,,,,,,,,,,,,,,,,,,,,,,,,,,,,
,,,,,,,,,,,,,,,,,,,,,,,,,,,,,,,,,,,,,,,,,
,,,,,,,,,,,,,,,,,,,,,,,,,,,,,,,,,,,,,,,,,
,,,,,,,,,,,,,,,,,,,,,,,,,,,,,,,,,,,,,,,,,
,,,,,,,,,,,,,,,,,,,,,,,,,,,,,,,,,,,,,,,,,
,,,,,,,,,,,,,,,,,,,,,,,,,,,,,,,,,,,,,,,,,
,,,,,,,,,,,,,,,,,,,,,,,,,,,,,,,,,,,,,,,,,
,,,,,,,,,,,,,,,,,,,,,,,,,,,,,,,,,,,,,,,,,
,,,,,,,,,,,,,,,,,,,,,,,,,,,,,,,,,,,,,,,,,
,,,,,,,,,,,,,,,,,,,,,,,,,,,,,,,,,,,,,,,,,
,,,,,,,,,,,,,,,,,,,,,,,,,,,,,,,,,,,,,,,,,
,,,,,,,,,,,,,,,,,,,,,,,,,,,,,,,,,,,,,,,,,
,,,,,,,,,,,,,,,,,,,,,,,,,,,,,,,,,,,,,,,,,
,,,,,,,,,,,,,,,,,,,,,,,,,,,,,,,,,,,,,,,,,
,,,,,,,,,,,,,,,,,,,,,,,,,,,,,,,,,,,,,,,,,
,,,,,,,,,,,,,,,,,,,,,,,,,,,,,,,,,,,,,,,,,
,,,,,,,,,,,,,,,,,,,,,,,,,,,,,,,,,,,,,,,,,
,,,,,,,,,,,,,,,,,,,,,,,,,,,,,,,,,,,,,,,,,
,,,,,,,,,,,,,,,,,,,,,,,,,,,,,,,,,,,,,,,,,
,,,,,,,,,,,,,,,,,,,,,,,,,,,,,,,,,,,,,,,,,
,,,,,,,,,,,,,,,,,,,,,,,,,,,,,,,,,,,,,,,,,
,,,,,,,,,,,,,,,,,,,,,,,,,,,,,,,,,,,,,,,,,
,,,,,,,,,,,,,,,,,,,,,,,,,,,,,,,,,,,,,,,,,
,,,,,,,,,,,,,,,,,,,,,,,,,,,,,,,,,,,,,,,,,
,,,,,,,,,,,,,,,,,,,,,,,,,,,,,,,,,,,,,,,,,
,,,,,,,,,,,,,,,,,,,,,,,,,,,,,,,,,,,,,,,,,
,,,,,,,,,,,,,,,,,,,,,,,,,,,,,,,,,,,,,,,,,
,,,,,,,,,,,,,,,,,,,,,,,,,,,,,,,,,,,,,,,,,
,,,,,,,,,,,,,,,,,,,,,,,,,,,,,,,,,,,,,,,,,
,,,,,,,,,,,,,,,,,,,,,,,,,,,,,,,,,,,,,,,,,
,,,,,,,,,,,,,,,,,,,,,,,,,,,,,,,,,,,,,,,,,
,,,,,,,,,,,,,,,,,,,,,,,,,,,,,,,,,,,,,,,,,
,,,,,,,,,,,,,,,,,,,,,,,,,,,,,,,,,,,,,,,,,
,,,,,,,,,,,,,,,,,,,,,,,,,,,,,,,,,,,,,,,,,
,,,,,,,,,,,,,,,,,,,,,,,,,,,,,,,,,,,,,,,,,
,,,,,,,,,,,,,,,,,,,,,,,,,,,,,,,,,,,,,,,,,
,,,,,,,,,,,,,,,,,,,,,,,,,,,,,,,,,,,,,,,,,
,,,,,,,,,,,,,,,,,,,,,,,,,,,,,,,,,,,,,,,,,
,,,,,,,,,,,,,,,,,,,,,,,,,,,,,,,,,,,,,,,,,
,,,,,,,,,,,,,,,,,,,,,,,,,,,,,,,,,,,,,,,,,
,,,,,,,,,,,,,,,,,,,,,,,,,,,,,,,,,,,,,,,,,
,,,,,,,,,,,,,,,,,,,,,,,,,,,,,,,,,,,,,,,,,
,,,,,,,,,,,,,,,,,,,,,,,,,,,,,,,,,,,,,,,,,
,,,,,,,,,,,,,,,,,,,,,,,,,,,,,,,,,,,,,,,,,
,,,,,,,,,,,,,,,,,,,,,,,,,,,,,,,,,,,,,,,,,
,,,,,,,,,,,,,,,,,,,,,,,,,,,,,,,,,,,,,,,,,
,,,,,,,,,,,,,,,,,,,,,,,,,,,,,,,,,,,,,,,,,
,,,,,,,,,,,,,,,,,,,,,,,,,,,,,,,,,,,,,,,,,
,,,,,,,,,,,,,,,,,,,,,,,,,,,,,,,,,,,,,,,,,
,,,,,,,,,,,,,,,,,,,,,,,,,,,,,,,,,,,,,,,,,
,,,,,,,,,,,,,,,,,,,,,,,,,,,,,,,,,,,,,,,,,
,,,,,,,,,,,,,,,,,,,,,,,,,,,,,,,,,,,,,,,,,
,,,,,,,,,,,,,,,,,,,,,,,,,,,,,,,,,,,,,,,,,
,,,,,,,,,,,,,,,,,,,,,,,,,,,,,,,,,,,,,,,,,
